deleted,balanced_accuracy,accuracy,macro_f1,weighted_f1,minority_recall,minority_precision,majority_recall,pr_auc,noise_precision_deleted,clean_minority_deletion_rate,n_relabeled,n_synthetic,relabel_correctness,dataset,model,seed,noise_protocol,mn_to_maj,maj_to_min,budget,target_ratio,method
0,0.5770149253731343,0.6927083333333334,0.5542789691127288,0.6293154469145518,0.19402985074626866,0.7222222222222222,0.96,0.6665870953990388,,,0.0,0.0,,pima,lr,13,clean,0.0,0.0,0.1,0.15,no_cleaning
44,0.7086567164179105,0.7604166666666666,0.718618580349178,0.7513792425980205,0.5373134328358209,0.7058823529411765,0.88,0.6472997985752659,0.0,0.1590909090909091,,,,pima,lr,13,clean,0.0,0.0,0.1,0.15,class_proportional
0,0.6540298507462687,0.734375,0.6616798535051653,0.7090542186366307,0.3880597014925373,0.7222222222222222,0.92,0.6578236121353309,,,0.0,44.0,,pima,lr,13,clean,0.0,0.0,0.1,0.15,smote
0,0.7502089552238806,0.7604166666666666,0.7429868467000349,0.7632054378613278,0.7164179104477612,0.64,0.784,0.6522745824327598,,,0.0,44.0,,pima,lr,13,clean,0.0,0.0,0.1,0.15,cwms_msbs
0,0.6108656716417911,0.71875,0.6019656019656019,0.6670953624078623,0.2537313432835821,0.8095238095238095,0.968,0.6923647712720556,,,0.0,0.0,,pima,lr,17,clean,0.0,0.0,0.1,0.15,no_cleaning
44,0.7425074626865671,0.7864583333333334,0.7526317443358577,0.7802647325309785,0.5970149253731343,0.7407407407407407,0.888,0.6904092791301608,0.0,0.1590909090909091,,,,pima,lr,17,clean,0.0,0.0,0.1,0.15,class_proportional
0,0.6958805970149253,0.7708333333333334,0.7098901098901098,0.7500572344322345,0.44776119402985076,0.8108108108108109,0.944,0.6944735787930694,,,0.0,44.0,,pima,lr,17,clean,0.0,0.0,0.1,0.15,smote
0,0.7616716417910447,0.7708333333333334,0.7541613316261204,0.7735008536064875,0.7313432835820896,0.6533333333333333,0.792,0.6812421425694071,,,0.0,44.0,,pima,lr,17,clean,0.0,0.0,0.1,0.15,cwms_msbs
0,0.5671641791044776,0.6979166666666666,0.5242652084757348,0.6110909375712007,0.13432835820895522,1.0,1.0,0.7593014173011576,,,0.0,0.0,,pima,lr,23,clean,0.0,0.0,0.1,0.15,no_cleaning
44,0.7246567164179105,0.78125,0.7380116959064327,0.7701632553606238,0.5373134328358209,0.7659574468085106,0.912,0.7557190844123474,0.0,0.1590909090909091,,,,pima,lr,23,clean,0.0,0.0,0.1,0.15,class_proportional
0,0.648179104477612,0.7447916666666666,0.6523666999224034,0.7065146602372243,0.3283582089552239,0.8461538461538461,0.968,0.7480024836025055,,,0.0,44.0,,pima,lr,23,clean,0.0,0.0,0.1,0.15,smote
0,0.7496716417910447,0.7552083333333334,0.7396046746501226,0.7588602534506804,0.7313432835820896,0.6282051282051282,0.768,0.7337128905155108,,,0.0,44.0,,pima,lr,23,clean,0.0,0.0,0.1,0.15,cwms_msbs
0,0.6148656716417911,0.7239583333333334,0.6061767096249855,0.6712370351019777,0.2537313432835821,0.85,0.976,0.7165752084688833,,,0.0,0.0,,pima,lr,29,clean,0.0,0.0,0.1,0.15,no_cleaning
44,0.7017313432835821,0.7604166666666666,0.7130604288499025,0.7482740415854451,0.5074626865671642,0.723404255319149,0.896,0.7306038487741072,0.0,0.1590909090909091,,,,pima,lr,29,clean,0.0,0.0,0.1,0.15,class_proportional
0,0.7108059701492537,0.78125,0.7263472241075064,0.7633746776163974,0.47761194029850745,0.8205128205128205,0.944,0.724326929669266,,,0.0,44.0,,pima,lr,29,clean,0.0,0.0,0.1,0.15,smote
0,0.7214328358208955,0.75,0.722943722943723,0.7490981240981242,0.6268656716417911,0.6461538461538462,0.816,0.7453539975693738,,,0.0,44.0,,pima,lr,29,clean,0.0,0.0,0.1,0.15,cwms_msbs
0,0.6103283582089551,0.7135416666666666,0.6039455425120954,0.666881930640463,0.26865671641791045,0.75,0.952,0.6680891417452623,,,0.0,0.0,,pima,lr,31,clean,0.0,0.0,0.1,0.15,no_cleaning
44,0.6966567164179105,0.7447916666666666,0.704364767620903,0.7373895583906819,0.5373134328358209,0.6666666666666666,0.856,0.667999285533644,0.0,0.1590909090909091,,,,pima,lr,31,clean,0.0,0.0,0.1,0.15,class_proportional
0,0.6454925373134328,0.71875,0.6521739130434783,0.6981431159420289,0.40298507462686567,0.6585365853658537,0.888,0.6774225143002196,,,0.0,44.0,,pima,lr,31,clean,0.0,0.0,0.1,0.15,smote
0,0.7462089552238806,0.7552083333333334,0.7381539622203523,0.7583407688438809,0.7164179104477612,0.631578947368421,0.776,0.6660508847483932,,,0.0,44.0,,pima,lr,31,clean,0.0,0.0,0.1,0.15,cwms_msbs
0,0.6252537313432835,0.7239583333333334,0.6239884713446403,0.682556673317814,0.29850746268656714,0.7692307692307693,0.952,0.6875028328413214,,,0.0,0.0,,pima,lr,37,clean,0.0,0.0,0.1,0.15,no_cleaning
44,0.7241194029850746,0.7760416666666666,0.7357149716700279,0.7669009491340951,0.5522388059701493,0.74,0.896,0.6909138477754782,0.0,0.1590909090909091,,,,pima,lr,37,clean,0.0,0.0,0.1,0.15,class_proportional
0,0.668955223880597,0.7447916666666666,0.678853046594982,0.7228121266427717,0.417910447761194,0.7368421052631579,0.92,0.6844357318791116,,,0.0,44.0,,pima,lr,37,clean,0.0,0.0,0.1,0.15,smote
0,0.7387462686567164,0.75,0.7318123617739495,0.7529100221161681,0.7014925373134329,0.6266666666666667,0.776,0.6907655076728394,,,0.0,44.0,,pima,lr,37,clean,0.0,0.0,0.1,0.15,cwms_msbs
0,0.643641791044776,0.734375,0.6482632278458278,0.7008367308452171,0.34328358208955223,0.7666666666666667,0.944,0.6402549555237349,,,0.0,0.0,,pima,lr,41,clean,0.0,0.0,0.1,0.15,no_cleaning
44,0.6891940298507462,0.7395833333333334,0.696969696969697,0.7312973484848485,0.5223880597014925,0.660377358490566,0.856,0.6389244401466123,0.0,0.1590909090909091,,,,pima,lr,41,clean,0.0,0.0,0.1,0.15,class_proportional
0,0.6718805970149254,0.7395833333333334,0.6814863968148639,0.7225793519132936,0.44776119402985076,0.6976744186046512,0.896,0.6394273104301792,,,0.0,44.0,,pima,lr,41,clean,0.0,0.0,0.1,0.15,smote
0,0.7232835820895522,0.734375,0.7158691930476162,0.7377740257667643,0.6865671641791045,0.6052631578947368,0.76,0.636820853705986,,,0.0,44.0,,pima,lr,41,clean,0.0,0.0,0.1,0.15,cwms_msbs
0,0.6228656716417911,0.734375,0.6147157190635452,0.6795777591973245,0.2537313432835821,0.9444444444444444,0.992,0.7704946768305353,,,0.0,0.0,,pima,lr,43,clean,0.0,0.0,0.1,0.15,no_cleaning
44,0.7355820895522388,0.7864583333333334,0.7480072985690963,0.7777427654534396,0.5671641791044776,0.76,0.904,0.778327788485054,0.0,0.1590909090909091,,,,pima,lr,43,clean,0.0,0.0,0.1,0.15,class_proportional
0,0.6924179104477611,0.7708333333333334,0.706299541093033,0.7478879849812264,0.43283582089552236,0.8285714285714286,0.952,0.7680593666295079,,,0.0,44.0,,pima,lr,43,clean,0.0,0.0,0.1,0.15,smote
0,0.793134328358209,0.8072916666666666,0.7900647182245338,0.8082313183998738,0.746268656716418,0.7142857142857143,0.84,0.7567973514028935,,,0.0,44.0,,pima,lr,43,clean,0.0,0.0,0.1,0.15,cwms_msbs
0,0.6223283582089552,0.7291666666666666,0.6167076167076168,0.6794251638001638,0.26865671641791045,0.8571428571428571,0.976,0.6664160883109138,,,0.0,0.0,,pima,lr,47,clean,0.0,0.0,0.1,0.15,no_cleaning
44,0.6846567164179105,0.7291666666666666,0.6903225806451614,0.7234543010752689,0.5373134328358209,0.631578947368421,0.832,0.6596563003055684,0.0,0.1590909090909091,,,,pima,lr,47,clean,0.0,0.0,0.1,0.15,class_proportional
0,0.648955223880597,0.71875,0.656005308560053,0.700385700066357,0.417910447761194,0.6511627906976745,0.88,0.663557739338944,,,0.0,44.0,,pima,lr,47,clean,0.0,0.0,0.1,0.15,smote
0,0.6939701492537313,0.71875,0.6925996204933587,0.7196839421252372,0.6119402985074627,0.5942028985507246,0.776,0.6893779755920896,,,0.0,44.0,,pima,lr,47,clean,0.0,0.0,0.1,0.15,cwms_msbs
0,0.5546268656716418,0.6770833333333334,0.5193022128896785,0.602495894578151,0.14925373134328357,0.6666666666666666,0.96,0.6197665611668304,,,0.0,0.0,,pima,lr,53,clean,0.0,0.0,0.1,0.15,no_cleaning
44,0.6454925373134328,0.71875,0.6521739130434783,0.6981431159420289,0.40298507462686567,0.6585365853658537,0.888,0.6303494064752407,0.0,0.1590909090909091,,,,pima,lr,53,clean,0.0,0.0,0.1,0.15,class_proportional
0,0.6167164179104478,0.7083333333333334,0.6163836163836164,0.6731185481185481,0.31343283582089554,0.6774193548387096,0.92,0.6190489200032521,,,0.0,44.0,,pima,lr,53,clean,0.0,0.0,0.1,0.15,smote
0,0.6806567164179105,0.7239583333333334,0.6856833976833976,0.7188169240669241,0.5373134328358209,0.6206896551724138,0.824,0.6154970207109519,,,0.0,44.0,,pima,lr,53,clean,0.0,0.0,0.1,0.15,cwms_msbs
0,0.6133333333333333,0.752,0.6181889841363681,0.7086018326928761,0.26666666666666666,0.7407407407407407,0.96,0.6429731993902688,,,0.0,0.0,,credit-g,lr,13,clean,0.0,0.0,0.1,0.15,no_cleaning
62,0.6961904761904762,0.772,0.7080576099649669,0.7627092253795251,0.5066666666666667,0.6551724137931034,0.8857142857142857,0.6424788141371763,0.0,0.14516129032258066,,,,credit-g,lr,13,clean,0.0,0.0,0.1,0.15,class_proportional
0,0.6533333333333333,0.76,0.6672286804507942,0.7375099831395865,0.38666666666666666,0.6744186046511628,0.92,0.630071661036167,,,0.0,62.0,,credit-g,lr,13,clean,0.0,0.0,0.1,0.15,smote
0,0.7038095238095239,0.724,0.6898095700490909,0.7310028591465717,0.6533333333333333,0.532608695652174,0.7542857142857143,0.6025157438208295,,,0.0,62.0,,credit-g,lr,13,clean,0.0,0.0,0.1,0.15,cwms_msbs
0,0.6104761904761905,0.764,0.6103141264431586,0.7082032178806371,0.22666666666666666,0.9444444444444444,0.9942857142857143,0.694338260440029,,,0.0,0.0,,credit-g,lr,17,clean,0.0,0.0,0.1,0.15,no_cleaning
62,0.7304761904761905,0.804,0.7465814352800018,0.7948323300026894,0.5466666666666666,0.7321428571428571,0.9142857142857143,0.6875128915620554,0.0,0.14516129032258066,,,,credit-g,lr,17,clean,0.0,0.0,0.1,0.15,class_proportional
0,0.6619047619047619,0.772,0.6781479390175043,0.7476679841897232,0.38666666666666666,0.725,0.9371428571428572,0.6710496317843554,,,0.0,62.0,,credit-g,lr,17,clean,0.0,0.0,0.1,0.15,smote
0,0.7352380952380952,0.752,0.7204386407907077,0.7580116874684365,0.6933333333333334,0.5714285714285714,0.7771428571428571,0.6536410572891467,,,0.0,62.0,,credit-g,lr,17,clean,0.0,0.0,0.1,0.15,cwms_msbs
0,0.6057142857142856,0.752,0.6065590415270586,0.702243882627678,0.24,0.782608695652174,0.9714285714285714,0.5765554021218283,,,0.0,0.0,,credit-g,lr,23,clean,0.0,0.0,0.1,0.15,no_cleaning
62,0.6695238095238095,0.756,0.6813556488852672,0.7430451952610795,0.4533333333333333,0.6296296296296297,0.8857142857142857,0.6040237050019018,0.0,0.14516129032258066,,,,credit-g,lr,23,clean,0.0,0.0,0.1,0.15,class_proportional
0,0.6333333333333333,0.748,0.6442687747035573,0.7211067193675889,0.3466666666666667,0.65,0.92,0.5799363994866589,,,0.0,62.0,,credit-g,lr,23,clean,0.0,0.0,0.1,0.15,smote
0,0.6780952380952381,0.72,0.673896839594514,0.7229427549194991,0.5733333333333334,0.5308641975308642,0.7828571428571428,0.5713532198106136,,,0.0,62.0,,credit-g,lr,23,clean,0.0,0.0,0.1,0.15,cwms_msbs
0,0.5819047619047619,0.74,0.5706850545560223,0.6785289688515495,0.18666666666666668,0.7777777777777778,0.9771428571428571,0.6137346359545278,,,0.0,0.0,,credit-g,lr,29,clean,0.0,0.0,0.1,0.15,no_cleaning
62,0.6561904761904762,0.748,0.6675181017922358,0.7329505393595238,0.4266666666666667,0.6153846153846154,0.8857142857142857,0.5995693164127703,0.0,0.14516129032258066,,,,credit-g,lr,29,clean,0.0,0.0,0.1,0.15,class_proportional
0,0.659047619047619,0.768,0.6744791666666667,0.7442708333333333,0.38666666666666666,0.7073170731707317,0.9314285714285714,0.6257257448801342,,,0.0,62.0,,credit-g,lr,29,clean,0.0,0.0,0.1,0.15,smote
0,0.7095238095238094,0.748,0.7054698457223001,0.7502384291725105,0.6133333333333333,0.575,0.8057142857142857,0.6238038668454466,,,0.0,62.0,,credit-g,lr,29,clean,0.0,0.0,0.1,0.15,cwms_msbs
0,0.58,0.732,0.5715126243892457,0.6764063339387583,0.2,0.6818181818181818,0.96,0.5820539384420954,,,0.0,0.0,,credit-g,lr,31,clean,0.0,0.0,0.1,0.15,no_cleaning
62,0.6676190476190476,0.748,0.6773268320665424,0.7377312491036857,0.4666666666666667,0.603448275862069,0.8685714285714285,0.584544886998329,0.0,0.14516129032258066,,,,credit-g,lr,31,clean,0.0,0.0,0.1,0.15,class_proportional
0,0.6057142857142858,0.72,0.6117667938592599,0.6937616469961843,0.32,0.5581395348837209,0.8914285714285715,0.5721688266202241,,,0.0,62.0,,credit-g,lr,31,clean,0.0,0.0,0.1,0.15,smote
0,0.6895238095238094,0.72,0.6804003214259624,0.725399956169187,0.6133333333333333,0.5287356321839081,0.7657142857142857,0.5856167215070495,,,0.0,62.0,,credit-g,lr,31,clean,0.0,0.0,0.1,0.15,cwms_msbs
0,0.5723809523809524,0.732,0.5574753639269768,0.6686375525085202,0.17333333333333334,0.7222222222222222,0.9714285714285714,0.5832632190217218,,,0.0,0.0,,credit-g,lr,37,clean,0.0,0.0,0.1,0.15,no_cleaning
62,0.6333333333333333,0.732,0.6426666666666667,0.7141333333333334,0.38666666666666666,0.58,0.88,0.5727054206051243,0.0,0.14516129032258066,,,,credit-g,lr,37,clean,0.0,0.0,0.1,0.15,class_proportional
0,0.6133333333333333,0.736,0.6203055964653903,0.7041421207658322,0.30666666666666664,0.6216216216216216,0.92,0.5752351023032582,,,0.0,62.0,,credit-g,lr,37,clean,0.0,0.0,0.1,0.15,smote
0,0.6619047619047619,0.708,0.6587190275829827,0.7105937353903694,0.5466666666666666,0.5125,0.7771428571428571,0.5720464009458044,,,0.0,62.0,,credit-g,lr,37,clean,0.0,0.0,0.1,0.15,cwms_msbs
0,0.5742857142857143,0.724,0.565480238796947,0.6704602131036046,0.2,0.625,0.9485714285714286,0.534940450369138,,,0.0,0.0,,credit-g,lr,41,clean,0.0,0.0,0.1,0.15,no_cleaning
62,0.6114285714285714,0.696,0.6161926308985133,0.6861990950226244,0.4,0.4918032786885246,0.8228571428571428,0.5374739745584683,0.0,0.14516129032258066,,,,credit-g,lr,41,clean,0.0,0.0,0.1,0.15,class_proportional
0,0.5971428571428572,0.708,0.6020410388364335,0.6841797684205935,0.32,0.5217391304347826,0.8742857142857143,0.5364162048619074,,,0.0,62.0,,credit-g,lr,41,clean,0.0,0.0,0.1,0.15,smote
0,0.64,0.688,0.6366279069767442,0.6912790697674419,0.52,0.48148148148148145,0.76,0.5650331983341437,,,0.0,62.0,,credit-g,lr,41,clean,0.0,0.0,0.1,0.15,cwms_msbs
0,0.5771428571428572,0.728,0.5684841100619352,0.6734287744948726,0.2,0.6521739130434783,0.9542857142857143,0.5682206730427606,,,0.0,0.0,,credit-g,lr,43,clean,0.0,0.0,0.1,0.15,no_cleaning
62,0.660952380952381,0.728,0.6655913132425839,0.7233771343142655,0.49333333333333335,0.5522388059701493,0.8285714285714286,0.5793758706257888,0.0,0.14516129032258066,,,,credit-g,lr,43,clean,0.0,0.0,0.1,0.15,class_proportional
0,0.6266666666666667,0.744,0.63639669120989,0.7155167712026178,0.3333333333333333,0.6410256410256411,0.92,0.5620805423520009,,,0.0,62.0,,credit-g,lr,43,clean,0.0,0.0,0.1,0.15,smote
0,0.7047619047619047,0.72,0.6880570409982174,0.7279857397504457,0.6666666666666666,0.5263157894736842,0.7428571428571429,0.5950036950563397,,,0.0,62.0,,credit-g,lr,43,clean,0.0,0.0,0.1,0.15,cwms_msbs
0,0.5819047619047619,0.74,0.5706850545560223,0.6785289688515495,0.18666666666666668,0.7777777777777778,0.9771428571428571,0.6090104386232064,,,0.0,0.0,,credit-g,lr,47,clean,0.0,0.0,0.1,0.15,no_cleaning
62,0.6561904761904762,0.764,0.6708397491687309,0.7408850505456249,0.38666666666666666,0.6904761904761905,0.9257142857142857,0.618802363372351,0.0,0.14516129032258066,,,,credit-g,lr,47,clean,0.0,0.0,0.1,0.15,class_proportional
0,0.6409523809523809,0.764,0.6539102278326567,0.7319880804336094,0.3333333333333333,0.7352941176470589,0.9485714285714286,0.6055941600024886,,,0.0,62.0,,credit-g,lr,47,clean,0.0,0.0,0.1,0.15,smote
0,0.6828571428571428,0.716,0.6747833415782627,0.721094193737518,0.6,0.5232558139534884,0.7657142857142857,0.5855775954644408,,,0.0,62.0,,credit-g,lr,47,clean,0.0,0.0,0.1,0.15,cwms_msbs
0,0.5628571428571428,0.724,0.5442656732979314,0.6587461361654909,0.16,0.6666666666666666,0.9657142857142857,0.5556517646491328,,,0.0,0.0,,credit-g,lr,53,clean,0.0,0.0,0.1,0.15,no_cleaning
62,0.6323809523809524,0.736,0.6422066094197242,0.7154826958105646,0.37333333333333335,0.5957446808510638,0.8914285714285715,0.5590068495057621,0.0,0.14516129032258066,,,,credit-g,lr,53,clean,0.0,0.0,0.1,0.15,class_proportional
0,0.6161904761904762,0.74,0.6236596493665902,0.7073577433474607,0.30666666666666664,0.6388888888888888,0.9257142857142857,0.5579025262812506,,,0.0,62.0,,credit-g,lr,53,clean,0.0,0.0,0.1,0.15,smote
0,0.6514285714285715,0.704,0.6502571082879613,0.7050967937084088,0.52,0.5064935064935064,0.7828571428571428,0.5582633815638464,,,0.0,62.0,,credit-g,lr,53,clean,0.0,0.0,0.1,0.15,cwms_msbs
0,0.6788471708090957,0.8814016172506739,0.721813224267212,0.8632278500781798,0.3770491803278688,0.7931034482758621,0.9806451612903225,0.5741923754793551,,,0.0,0.0,,yeast,lr,13,clean,0.0,0.0,0.1,0.15,no_cleaning
109,0.7745108408249604,0.8652291105121294,0.7639708876221498,0.8677293135464499,0.639344262295082,0.582089552238806,0.9096774193548387,0.5644097771038602,0.0,0.14678899082568808,,,,yeast,lr,13,clean,0.0,0.0,0.1,0.15,class_proportional
0,0.7085404547858276,0.876010781671159,0.7385723039215686,0.8657923074890334,0.45901639344262296,0.6829268292682927,0.9580645161290322,0.5627681409529914,,,0.0,109.0,,yeast,lr,13,clean,0.0,0.0,0.1,0.15,smote
0,0.7781332628239027,0.8382749326145552,0.7414994425863991,0.8476540549961386,0.6885245901639344,0.5060240963855421,0.867741935483871,0.5560308893646385,,,0.0,109.0,,yeast,lr,13,clean,0.0,0.0,0.1,0.15,cwms_msbs
0,0.6854309888947647,0.8814016172506739,0.7270234113712375,0.8648018101668635,0.39344262295081966,0.7741935483870968,0.9774193548387097,0.6148850606489319,,,0.0,0.0,,yeast,lr,17,clean,0.0,0.0,0.1,0.15,no_cleaning
109,0.7907720782654679,0.8814016172506739,0.7869819396596722,0.8821661490530301,0.6557377049180327,0.6349206349206349,0.9258064516129032,0.6047323226154123,0.0,0.14678899082568808,,,,yeast,lr,17,clean,0.0,0.0,0.1,0.15,class_proportional
0,0.7004759386567954,0.862533692722372,0.7215247626756935,0.8545218216969924,0.45901639344262296,0.6086956521739131,0.9419354838709677,0.6025664610940549,,,0.0,109.0,,yeast,lr,17,clean,0.0,0.0,0.1,0.15,smote
0,0.8242199894235854,0.8382749326145552,0.7587567192647824,0.8517146306455029,0.8032786885245902,0.5051546391752577,0.8451612903225807,0.6032122702215634,,,0.0,109.0,,yeast,lr,17,clean,0.0,0.0,0.1,0.15,cwms_msbs
0,0.6836858804865151,0.889487870619946,0.7330701061682899,0.8702110334516082,0.3770491803278688,0.8846153846153846,0.9903225806451613,0.6427948088083746,,,0.0,0.0,,yeast,lr,23,clean,0.0,0.0,0.1,0.15,no_cleaning
109,0.7597303014278161,0.862533692722372,0.7546709886547811,0.8638490915524646,0.6065573770491803,0.578125,0.9129032258064517,0.6414444707508377,0.0,0.14678899082568808,,,,yeast,lr,23,clean,0.0,0.0,0.1,0.15,class_proportional
0,0.7231887890005289,0.889487870619946,0.761047488885747,0.8786271030468336,0.47540983606557374,0.7631578947368421,0.9709677419354839,0.6275895024872638,,,0.0,109.0,,yeast,lr,23,clean,0.0,0.0,0.1,0.15,smote
0,0.7356689582231624,0.8113207547169812,0.7015491403879746,0.8230297269120752,0.6229508196721312,0.4470588235294118,0.8483870967741935,0.629866511524979,,,0.0,109.0,,yeast,lr,23,clean,0.0,0.0,0.1,0.15,cwms_msbs
0,0.6984664198836594,0.8921832884097035,0.747102931152011,0.8756616818892545,0.4098360655737705,0.8620689655172413,0.9870967741935484,0.6349399365442543,,,0.0,0.0,,yeast,lr,29,clean,0.0,0.0,0.1,0.15,no_cleaning
109,0.7777366472765732,0.8706199460916442,0.7705627705627706,0.8722535326308911,0.639344262295082,0.6,0.9161290322580645,0.6297222188243906,0.0,0.14678899082568808,,,,yeast,lr,29,clean,0.0,0.0,0.1,0.15,class_proportional
0,0.751004759386568,0.9029649595687331,0.7919626168224299,0.8939536992719854,0.5245901639344263,0.8205128205128205,0.9774193548387097,0.6280950416544431,,,0.0,109.0,,yeast,lr,29,clean,0.0,0.0,0.1,0.15,smote
0,0.7831041776837653,0.8355795148247979,0.7412565026010405,0.8461066367247708,0.7049180327868853,0.5,0.8612903225806452,0.6089495331387124,,,0.0,109.0,,yeast,lr,29,clean,0.0,0.0,0.1,0.15,cwms_msbs
0,0.6494182971972501,0.8652291105121294,0.6838786639400136,0.8445771023615681,0.32786885245901637,0.6896551724137931,0.9709677419354839,0.5589991660724357,,,0.0,0.0,,yeast,lr,31,clean,0.0,0.0,0.1,0.15,no_cleaning
109,0.7317821258593338,0.8598382749326146,0.7379943502824858,0.8579118887721381,0.5409836065573771,0.5789473684210527,0.9225806451612903,0.5489536982239291,0.0,0.14678899082568808,,,,yeast,lr,31,clean,0.0,0.0,0.1,0.15,class_proportional
0,0.6937599153886832,0.8733153638814016,0.7260788287226856,0.8608652156878336,0.4262295081967213,0.6842105263157895,0.9612903225806452,0.5456894090260006,,,0.0,109.0,,yeast,lr,31,clean,0.0,0.0,0.1,0.15,smote
0,0.7355367530407192,0.8221024258760108,0.709468438538206,0.8308791002140216,0.6065573770491803,0.46835443037974683,0.864516129032258,0.5458679034387242,,,0.0,109.0,,yeast,lr,31,clean,0.0,0.0,0.1,0.15,cwms_msbs
0,0.6461924907456372,0.8598382749326146,0.6773913043478261,0.8402203211062933,0.32786885245901637,0.6451612903225806,0.964516129032258,0.5274667848311567,,,0.0,0.0,,yeast,lr,37,clean,0.0,0.0,0.1,0.15,no_cleaning
109,0.7649656266525647,0.8382749326145552,0.7358803986710963,0.8462537274672922,0.6557377049180327,0.5063291139240507,0.8741935483870967,0.5264201787085151,0.0,0.14678899082568808,,,,yeast,lr,37,clean,0.0,0.0,0.1,0.15,class_proportional
0,0.6874405076679005,0.8517520215633423,0.7042625041668478,0.8444338394024475,0.4426229508196721,0.5625,0.932258064516129,0.5378198948554237,,,0.0,109.0,,yeast,lr,37,clean,0.0,0.0,0.1,0.15,smote
0,0.7571655208884188,0.8032345013477089,0.7051227611737165,0.819280813992988,0.6885245901639344,0.4375,0.8258064516129032,0.5360932542909518,,,0.0,109.0,,yeast,lr,37,clean,0.0,0.0,0.1,0.15,cwms_msbs
0,0.6148863035430989,0.862533692722372,0.6466072729310248,0.8320061644070436,0.2459016393442623,0.75,0.9838709677419355,0.5667810573929803,,,0.0,0.0,,yeast,lr,41,clean,0.0,0.0,0.1,0.15,no_cleaning
109,0.7531464833421471,0.862533692722372,0.7514874502541471,0.8629814598290986,0.5901639344262295,0.5806451612903226,0.9161290322580645,0.572177510399172,0.0,0.14678899082568808,,,,yeast,lr,41,clean,0.0,0.0,0.1,0.15,class_proportional
0,0.6429666842940243,0.8544474393530997,0.6710992907801419,0.8359140524937393,0.32786885245901637,0.6060606060606061,0.9580645161290322,0.5678644528177097,,,0.0,109.0,,yeast,lr,41,clean,0.0,0.0,0.1,0.15,smote
0,0.7715494447382337,0.8382749326145552,0.7387323943661972,0.8469686040772939,0.6721311475409836,0.5061728395061729,0.8709677419354839,0.563612443028974,,,0.0,109.0,,yeast,lr,41,clean,0.0,0.0,0.1,0.15,cwms_msbs
0,0.6560021152829191,0.8652291105121294,0.689799331103679,0.8463656933714359,0.3442622950819672,0.6774193548387096,0.967741935483871,0.5808951134623425,,,0.0,0.0,,yeast,lr,43,clean,0.0,0.0,0.1,0.15,no_cleaning
109,0.7728979375991539,0.862533692722372,0.760726886452445,0.8654785176971219,0.639344262295082,0.5735294117647058,0.9064516129032258,0.5747262419194831,0.0,0.14678899082568808,,,,yeast,lr,43,clean,0.0,0.0,0.1,0.15,class_proportional
0,0.7020888418826018,0.8652291105121294,0.7248427672955975,0.8567529539405653,0.45901639344262296,0.6222222222222222,0.9451612903225807,0.5711167014097454,,,0.0,109.0,,yeast,lr,43,clean,0.0,0.0,0.1,0.15,smote
0,0.7879428873611846,0.8436657681940701,0.7501161278335191,0.8527322531629339,0.7049180327868853,0.5180722891566265,0.8709677419354839,0.5706096417600842,,,0.0,109.0,,yeast,lr,43,clean,0.0,0.0,0.1,0.15,cwms_msbs
0,0.6280539397144368,0.862533692722372,0.6611872146118721,0.8364853721276568,0.2786885245901639,0.7083333333333334,0.9774193548387097,0.5436050674713961,,,0.0,0.0,,yeast,lr,47,clean,0.0,0.0,0.1,0.15,no_cleaning
109,0.7350079323109466,0.8652291105121294,0.744546656384268,0.8623895233561796,0.5409836065573771,0.6,0.9290322580645162,0.551608321827909,0.0,0.14678899082568808,,,,yeast,lr,47,clean,0.0,0.0,0.1,0.15,class_proportional
0,0.6789793759915388,0.8706199460916442,0.7128482972136223,0.8557033538340858,0.39344262295081966,0.6857142857142857,0.964516129032258,0.5469880826780475,,,0.0,109.0,,yeast,lr,47,clean,0.0,0.0,0.1,0.15,smote
0,0.735404547858276,0.8328840970350404,0.7176698743126473,0.8387177285652883,0.5901639344262295,0.4931506849315068,0.8806451612903226,0.5452595471128021,,,0.0,109.0,,yeast,lr,47,clean,0.0,0.0,0.1,0.15,cwms_msbs
0,0.6444473823373876,0.8679245283018868,0.6809862244450294,0.844886357051922,0.3114754098360656,0.7307692307692307,0.9774193548387097,0.558665931477902,,,0.0,0.0,,yeast,lr,53,clean,0.0,0.0,0.1,0.15,no_cleaning
109,0.7433368588048652,0.8571428571428571,0.7417418600680352,0.8576081837439652,0.5737704918032787,0.5645161290322581,0.9129032258064517,0.5690150905314593,0.0,0.14678899082568808,,,,yeast,lr,53,clean,0.0,0.0,0.1,0.15,class_proportional
0,0.6953728186144896,0.876010781671159,0.7295918367346939,0.8631387865119096,0.4262295081967213,0.7027027027027027,0.964516129032258,0.5564701849341802,,,0.0,109.0,,yeast,lr,53,clean,0.0,0.0,0.1,0.15,smote
0,0.7715494447382337,0.8382749326145552,0.7387323943661972,0.8469686040772939,0.6721311475409836,0.5061728395061729,0.8709677419354839,0.5485497446421127,,,0.0,109.0,,yeast,lr,53,clean,0.0,0.0,0.1,0.15,cwms_msbs
0,0.5513049341583374,0.7261287934863064,0.5250912062020218,0.6529410483998774,0.12878787878787878,0.6710526315789473,0.9738219895287958,0.6017523916635524,,,0.0,0.0,,phoneme,lr,13,clean,0.0,0.0,0.1,0.15,no_cleaning
337,0.6675868633983817,0.7557364914877869,0.6788616129311089,0.7438738022097517,0.45454545454545453,0.6122448979591837,0.8806282722513089,0.6059624718129393,0.0,0.1513353115727003,,,,phoneme,lr,13,clean,0.0,0.0,0.1,0.15,class_proportional
0,0.5867801047120419,0.7261287934863064,0.58760411579128,0.6864997669171035,0.25,0.5755813953488372,0.9235602094240838,0.6002064318825346,,,0.0,337.0,,phoneme,lr,13,clean,0.0,0.0,0.1,0.15,smote
0,0.7330556877677297,0.7542561065877128,0.7189226450092745,0.7601573110267004,0.6818181818181818,0.5672268907563025,0.7842931937172775,0.5888519406167466,,,0.0,337.0,,phoneme,lr,13,clean,0.0,0.0,0.1,0.15,cwms_msbs
0,0.5685579477105545,0.7313101406365655,0.5552620338604934,0.6706253226537547,0.17380352644836272,0.6634615384615384,0.9633123689727463,0.6274690434629535,,,0.0,0.0,,phoneme,lr,17,clean,0.0,0.0,0.1,0.15,no_cleaning
337,0.7001277928277596,0.767579570688379,0.7078174504780009,0.7622978121100477,0.5365239294710328,0.6209912536443148,0.8637316561844863,0.6397218377153474,0.0,0.1513353115727003,,,,phoneme,lr,17,clean,0.0,0.0,0.1,0.15,class_proportional
0,0.6292542602009832,0.7453737971872687,0.6399677729230578,0.7202839911380584,0.34760705289672544,0.6188340807174888,0.910901467505241,0.6275130836732993,,,0.0,337.0,,phoneme,lr,17,clean,0.0,0.0,0.1,0.15,smote
0,0.7566549963299167,0.7601776461880089,0.7327222368768136,0.7680401652517231,0.7481108312342569,0.5700575815738963,0.7651991614255765,0.6161543978061106,,,0.0,337.0,,phoneme,lr,17,clean,0.0,0.0,0.1,0.15,cwms_msbs
0,0.537384682815033,0.7142857142857143,0.5045546097134606,0.6374558898576532,0.10831234256926953,0.5733333333333334,0.9664570230607966,0.5641139139175472,,,0.0,0.0,,phoneme,lr,23,clean,0.0,0.0,0.1,0.15,no_cleaning
337,0.6754629849658603,0.7535159141376758,0.6844646813632146,0.7453215431596939,0.48614609571788414,0.5993788819875776,0.8647798742138365,0.5700415251865609,0.0,0.1513353115727003,,,,phoneme,lr,23,clean,0.0,0.0,0.1,0.15,class_proportional
0,0.5945218066314972,0.7202072538860104,0.5988868571859448,0.6898363335815525,0.28967254408060455,0.5450236966824644,0.89937106918239,0.5602387391576856,,,0.0,337.0,,phoneme,lr,23,clean,0.0,0.0,0.1,0.15,smote
0,0.7213746706166269,0.7498149518874907,0.7110207976832961,0.754674017666602,0.6523929471032746,0.5642701525054467,0.790356394129979,0.5392243090685911,,,0.0,337.0,,phoneme,lr,23,clean,0.0,0.0,0.1,0.15,cwms_msbs
0,0.5505032502679953,0.7224278312361214,0.5257656783996271,0.6516746659052907,0.13350125944584382,0.6309523809523809,0.9675052410901468,0.604339431191279,,,0.0,0.0,,phoneme,lr,29,clean,0.0,0.0,0.1,0.15,no_cleaning
337,0.6995957627700415,0.772020725388601,0.7094363970526621,0.7650336392904898,0.5239294710327456,0.636085626911315,0.8752620545073375,0.6126767683680984,0.0,0.1513353115727003,,,,phoneme,lr,29,clean,0.0,0.0,0.1,0.15,class_proportional
0,0.6175047130206106,0.7350111028867505,0.6261609572099925,0.7093290383375017,0.33249370277078083,0.5866666666666667,0.9025157232704403,0.6002961227757408,,,0.0,337.0,,phoneme,lr,29,clean,0.0,0.0,0.1,0.15,smote
0,0.7545506392281736,0.7623982235381199,0.7333364078251967,0.7696310969554618,0.7355163727959698,0.5748031496062992,0.7735849056603774,0.5920595240343383,,,0.0,337.0,,phoneme,lr,29,clean,0.0,0.0,0.1,0.15,cwms_msbs
0,0.5543537468930139,0.7283493708364175,0.5297268278895247,0.6561846883762138,0.13383838383838384,0.6883116883116883,0.974869109947644,0.6248544877787497,,,0.0,0.0,,phoneme,lr,31,clean,0.0,0.0,0.1,0.15,no_cleaning
337,0.6738999947115131,0.7594374537379719,0.6852204335186559,0.7484632906872498,0.4671717171717172,0.6187290969899666,0.8806282722513089,0.6312560150492302,0.0,0.1513353115727003,,,,phoneme,lr,31,clean,0.0,0.0,0.1,0.15,class_proportional
0,0.5994989158601725,0.7357512953367875,0.6036270515885507,0.6983160929414537,0.2702020202020202,0.6114285714285714,0.9287958115183246,0.6180898600975272,,,0.0,337.0,,phoneme,lr,31,clean,0.0,0.0,0.1,0.15,smote
0,0.7478687397535565,0.7668393782383419,0.7331547948615533,0.7723832992524384,0.702020202020202,0.5852631578947368,0.793717277486911,0.6077879539011538,,,0.0,337.0,,phoneme,lr,31,clean,0.0,0.0,0.1,0.15,cwms_msbs
0,0.5453638135069626,0.7172464840858623,0.519258284956293,0.646454855792706,0.12846347607052896,0.5862068965517241,0.9622641509433962,0.5934124445671843,,,0.0,0.0,,phoneme,lr,37,clean,0.0,0.0,0.1,0.15,no_cleaning
337,0.6990795747984095,0.7660991857883049,0.7064497497112052,0.7610059662874689,0.5365239294710328,0.6173913043478261,0.8616352201257862,0.5973649676780184,0.0,0.1513353115727003,,,,phoneme,lr,37,clean,0.0,0.0,0.1,0.15,class_proportional
0,0.6140392566893209,0.7342709104367136,0.6221214564804968,0.7069954318250794,0.3224181360201511,0.5871559633027523,0.9056603773584906,0.5864742178285693,,,0.0,337.0,,phoneme,lr,37,clean,0.0,0.0,0.1,0.15,smote
0,0.7593851158320528,0.7609178386380459,0.7342457477602242,0.7689568566829967,0.7556675062972292,0.5703422053231939,0.7631027253668763,0.5825560493837179,,,0.0,337.0,,phoneme,lr,37,clean,0.0,0.0,0.1,0.15,cwms_msbs
0,0.5436366280607118,0.7194670614359734,0.5143500484199723,0.644942770829932,0.11868686868686869,0.6103896103896104,0.9685863874345549,0.5765248632671816,,,0.0,0.0,,phoneme,lr,41,clean,0.0,0.0,0.1,0.15,no_cleaning
337,0.6734372521021736,0.7483345669874167,0.6809163911195087,0.7416036057896546,0.49242424242424243,0.5838323353293413,0.8544502617801047,0.5888658179770108,0.0,0.1513353115727003,,,,phoneme,lr,41,clean,0.0,0.0,0.1,0.15,class_proportional
0,0.59543339150669,0.7268689859363434,0.5994406041667839,0.6929215299006208,0.2777777777777778,0.5699481865284974,0.9130890052356021,0.5756626501660462,,,0.0,337.0,,phoneme,lr,41,clean,0.0,0.0,0.1,0.15,smote
0,0.7280660003173092,0.7409326424870466,0.7087644740083765,0.7488134855441819,0.696969696969697,0.5454545454545454,0.7591623036649214,0.5657181262320743,,,0.0,337.0,,phoneme,lr,41,clean,0.0,0.0,0.1,0.15,cwms_msbs
0,0.5474245068485906,0.7216876387860843,0.5205855927276571,0.6490610712952696,0.12626262626262627,0.625,0.9685863874345549,0.5895234488356328,,,0.0,0.0,,phoneme,lr,43,clean,0.0,0.0,0.1,0.15,no_cleaning
337,0.6828917446718494,0.7564766839378239,0.6909728522989022,0.7498420514727884,0.5050505050505051,0.6006006006006006,0.8607329842931937,0.5972898427719896,0.0,0.1513353115727003,,,,phoneme,lr,43,clean,0.0,0.0,0.1,0.15,class_proportional
0,0.6083981172986408,0.7305699481865285,0.6155330393720486,0.7025501327784008,0.31313131313131315,0.5740740740740741,0.9036649214659686,0.5797977540238826,,,0.0,337.0,,phoneme,lr,43,clean,0.0,0.0,0.1,0.15,smote
0,0.7405388968216193,0.7564766839378239,0.7235904467847605,0.7630398171035639,0.702020202020202,0.5685071574642127,0.7790575916230367,0.5707895093237857,,,0.0,337.0,,phoneme,lr,43,clean,0.0,0.0,0.1,0.15,cwms_msbs
0,0.5506049036537131,0.7246484085862325,0.524111992364157,0.6514766261562848,0.12846347607052896,0.6623376623376623,0.9727463312368972,0.6062096924119774,,,0.0,0.0,,phoneme,lr,47,clean,0.0,0.0,0.1,0.15,no_cleaning
337,0.6803911939124143,0.7594374537379719,0.6903904151655987,0.7506712936684387,0.48866498740554154,0.6139240506329114,0.8721174004192872,0.6084930711427299,0.0,0.1513353115727003,,,,phoneme,lr,47,clean,0.0,0.0,0.1,0.15,class_proportional
0,0.6023755208085801,0.7364914877868246,0.6072469164837462,0.7001362406331845,0.2770780856423174,0.6145251396648045,0.9276729559748428,0.6036246767063093,,,0.0,337.0,,phoneme,lr,47,clean,0.0,0.0,0.1,0.15,smote
0,0.7375362387719215,0.7601776461880089,0.7246977312865099,0.7654447675754478,0.6826196473551638,0.5778251599147122,0.7924528301886793,0.5845869698287169,,,0.0,337.0,,phoneme,lr,47,clean,0.0,0.0,0.1,0.15,cwms_msbs
0,0.5543832411851992,0.7268689859363434,0.5302861988552046,0.6555683640773949,0.13602015113350127,0.675,0.9727463312368972,0.6274573026187975,,,0.0,0.0,,phoneme,lr,53,clean,0.0,0.0,0.1,0.15,no_cleaning
337,0.6952933162238804,0.769059955588453,0.7051456392176614,0.7617438494220031,0.5163727959697733,0.6307692307692307,0.8742138364779874,0.6367196160415858,0.0,0.1513353115727003,,,,phoneme,lr,53,clean,0.0,0.0,0.1,0.15,class_proportional
0,0.6081565620560916,0.7342709104367136,0.6149796339913487,0.7033376672095245,0.3022670025188917,0.594059405940594,0.9140461215932913,0.6239489922369617,,,0.0,337.0,,phoneme,lr,53,clean,0.0,0.0,0.1,0.15,smote
0,0.7620993932481029,0.772020725388601,0.7425635010195799,0.7784665075262424,0.7380352644836272,0.5895372233400402,0.7861635220125787,0.610149401743804,,,0.0,337.0,,phoneme,lr,53,clean,0.0,0.0,0.1,0.15,cwms_msbs
0,0.7587044534412956,0.8571428571428571,0.7787532923617209,0.8508716919603662,0.5789473684210527,0.7333333333333333,0.9384615384615385,0.8132498259480299,,,0.0,0.0,,ecoli,lr,13,clean,0.0,0.0,0.1,0.15,no_cleaning
23,0.791497975708502,0.8214285714285714,0.7655813953488373,0.8282392026578074,0.7368421052631579,0.5833333333333334,0.8461538461538461,0.731598453283133,0.0,0.13043478260869565,,,,ecoli,lr,13,clean,0.0,0.0,0.1,0.15,class_proportional
0,0.8299595141700404,0.8809523809523809,0.8299595141700404,0.8809523809523809,0.7368421052631579,0.7368421052631579,0.9230769230769231,0.7807343913326528,,,0.0,23.0,,ecoli,lr,13,clean,0.0,0.0,0.1,0.15,smote
0,0.828744939271255,0.8214285714285714,0.7784420608405134,0.8318847496797206,0.8421052631578947,0.5714285714285714,0.8153846153846154,0.7995254156902531,,,0.0,23.0,,ecoli,lr,13,clean,0.0,0.0,0.1,0.15,cwms_msbs
0,0.8530364372469635,0.9166666666666666,0.8736842105263158,0.9140350877192981,0.7368421052631579,0.875,0.9692307692307692,0.9233311949036243,,,0.0,0.0,,ecoli,lr,17,clean,0.0,0.0,0.1,0.15,no_cleaning
23,0.8562753036437247,0.8928571428571429,0.8497316636851521,0.8938154868387427,0.7894736842105263,0.75,0.9230769230769231,0.9209704379445514,0.0,0.13043478260869565,,,,ecoli,lr,17,clean,0.0,0.0,0.1,0.15,class_proportional
0,0.8793522267206477,0.9285714285714286,0.893939393939394,0.9271284271284271,0.7894736842105263,0.8823529411764706,0.9692307692307692,0.9205303330999923,,,0.0,23.0,,ecoli,lr,17,clean,0.0,0.0,0.1,0.15,smote
0,0.8935222672064778,0.8928571428571429,0.8593488372093023,0.8969435215946844,0.8947368421052632,0.7083333333333334,0.8923076923076924,0.8985940822163729,,,0.0,23.0,,ecoli,lr,17,clean,0.0,0.0,0.1,0.15,cwms_msbs
0,0.8267206477732794,0.9047619047619048,0.8525021949078139,0.9005811279735776,0.6842105263157895,0.8666666666666667,0.9692307692307692,0.919039105029817,,,0.0,0.0,,ecoli,lr,23,clean,0.0,0.0,0.1,0.15,no_cleaning
23,0.8979757085020244,0.9285714285714286,0.8979757085020244,0.9285714285714286,0.8421052631578947,0.8421052631578947,0.9538461538461539,0.9380502477805719,0.0,0.13043478260869565,,,,ecoli,lr,23,clean,0.0,0.0,0.1,0.15,class_proportional
0,0.8793522267206477,0.9285714285714286,0.893939393939394,0.9271284271284271,0.7894736842105263,0.8823529411764706,0.9692307692307692,0.921454387500501,,,0.0,23.0,,ecoli,lr,23,clean,0.0,0.0,0.1,0.15,smote
0,0.8935222672064778,0.8928571428571429,0.8593488372093023,0.8969435215946844,0.8947368421052632,0.7083333333333334,0.8923076923076924,0.9120407316041423,,,0.0,23.0,,ecoli,lr,23,clean,0.0,0.0,0.1,0.15,cwms_msbs
0,0.8716599190283401,0.9166666666666666,0.878687848153497,0.9158586066983014,0.7894736842105263,0.8333333333333334,0.9538461538461539,0.9186841589873624,,,0.0,0.0,,ecoli,lr,29,clean,0.0,0.0,0.1,0.15,no_cleaning
23,0.8595141700404858,0.8690476190476191,0.8280930232558139,0.8740420819490586,0.8421052631578947,0.6666666666666666,0.8769230769230769,0.8631176752568941,0.0,0.13043478260869565,,,,ecoli,lr,29,clean,0.0,0.0,0.1,0.15,class_proportional
0,0.8562753036437247,0.8928571428571429,0.8497316636851521,0.8938154868387427,0.7894736842105263,0.75,0.9230769230769231,0.904017280726779,,,0.0,23.0,,ecoli,lr,29,clean,0.0,0.0,0.1,0.15,smote
0,0.8781376518218624,0.8690476190476191,0.8330623306233063,0.8755065169699316,0.8947368421052632,0.6538461538461539,0.8615384615384616,0.900984814082135,,,0.0,23.0,,ecoli,lr,29,clean,0.0,0.0,0.1,0.15,cwms_msbs
0,0.7817813765182187,0.8928571428571429,0.8219919943489522,0.8834975949409667,0.5789473684210527,0.9166666666666666,0.9846153846153847,0.9191220329378222,,,0.0,0.0,,ecoli,lr,31,clean,0.0,0.0,0.1,0.15,no_cleaning
23,0.8825910931174089,0.9047619047619048,0.86875,0.9063988095238096,0.8421052631578947,0.7619047619047619,0.9230769230769231,0.8930301724419369,0.0,0.13043478260869565,,,,ecoli,lr,31,clean,0.0,0.0,0.1,0.15,class_proportional
0,0.8793522267206477,0.9285714285714286,0.893939393939394,0.9271284271284271,0.7894736842105263,0.8823529411764706,0.9692307692307692,0.9094814189485851,,,0.0,23.0,,ecoli,lr,31,clean,0.0,0.0,0.1,0.15,smote
0,0.8781376518218624,0.8690476190476191,0.8330623306233063,0.8755065169699316,0.8947368421052632,0.6538461538461539,0.8615384615384616,0.892213814114903,,,0.0,23.0,,ecoli,lr,31,clean,0.0,0.0,0.1,0.15,cwms_msbs
0,0.8376518218623481,0.8928571428571429,0.8440272333402105,0.8918182086121017,0.7368421052631579,0.7777777777777778,0.9384615384615385,0.8691227743112016,,,0.0,0.0,,ecoli,lr,37,clean,0.0,0.0,0.1,0.15,no_cleaning
23,0.8595141700404858,0.8690476190476191,0.8280930232558139,0.8740420819490586,0.8421052631578947,0.6666666666666666,0.8769230769230769,0.8919518607666221,0.0,0.13043478260869565,,,,ecoli,lr,37,clean,0.0,0.0,0.1,0.15,class_proportional
0,0.8299595141700404,0.8809523809523809,0.8299595141700404,0.8809523809523809,0.7368421052631579,0.7368421052631579,0.9230769230769231,0.8575313575313572,,,0.0,23.0,,ecoli,lr,37,clean,0.0,0.0,0.1,0.15,smote
0,0.8364372469635628,0.8333333333333334,0.7904490377761939,0.8423616060822048,0.8421052631578947,0.5925925925925926,0.8307692307692308,0.8919518607666221,,,0.0,23.0,,ecoli,lr,37,clean,0.0,0.0,0.1,0.15,cwms_msbs
0,0.7477732793522267,0.8690476190476191,0.7824346597598304,0.857608171594515,0.5263157894736842,0.8333333333333334,0.9692307692307692,0.8421526867996456,,,0.0,0.0,,ecoli,lr,41,clean,0.0,0.0,0.1,0.15,no_cleaning
23,0.7959514170040486,0.8571428571428571,0.7959514170040486,0.8571428571428571,0.6842105263157895,0.6842105263157895,0.9076923076923077,0.8317696975396878,0.0,0.13043478260869565,,,,ecoli,lr,41,clean,0.0,0.0,0.1,0.15,class_proportional
0,0.774089068825911,0.8809523809523809,0.8069852941176471,0.8724177170868347,0.5789473684210527,0.8461538461538461,0.9692307692307692,0.8465614359452367,,,0.0,23.0,,ecoli,lr,41,clean,0.0,0.0,0.1,0.15,smote
0,0.7991902834008098,0.8333333333333334,0.7777777777777777,0.8386243386243386,0.7368421052631579,0.6086956521739131,0.8615384615384616,0.8061285930542781,,,0.0,23.0,,ecoli,lr,41,clean,0.0,0.0,0.1,0.15,cwms_msbs
0,0.868421052631579,0.9404761904761905,0.9057239057239057,0.9370691037357703,0.7368421052631579,1.0,1.0,0.945180311890838,,,0.0,0.0,,ecoli,lr,43,clean,0.0,0.0,0.1,0.15,no_cleaning
23,0.8825910931174089,0.9047619047619048,0.86875,0.9063988095238096,0.8421052631578947,0.7619047619047619,0.9230769230769231,0.9495531899512917,0.0,0.13043478260869565,,,,ecoli,lr,43,clean,0.0,0.0,0.1,0.15,class_proportional
0,0.8870445344129555,0.9404761904761905,0.9097744360902256,0.9385964912280701,0.7894736842105263,0.9375,0.9846153846153847,0.9437228220122955,,,0.0,23.0,,ecoli,lr,43,clean,0.0,0.0,0.1,0.15,smote
0,0.8858299595141701,0.8809523809523809,0.846041055718475,0.8861890797374669,0.8947368421052632,0.68,0.8769230769230769,0.9309763965616957,,,0.0,23.0,,ecoli,lr,43,clean,0.0,0.0,0.1,0.15,cwms_msbs
0,0.8716599190283401,0.9166666666666666,0.878687848153497,0.9158586066983014,0.7894736842105263,0.8333333333333334,0.9538461538461539,0.9174060559896471,,,0.0,0.0,,ecoli,lr,47,clean,0.0,0.0,0.1,0.15,no_cleaning
23,0.8485829959514171,0.8809523809523809,0.8359375,0.8829985119047619,0.7894736842105263,0.7142857142857143,0.9076923076923077,0.8413180629532266,0.0,0.13043478260869565,,,,ecoli,lr,47,clean,0.0,0.0,0.1,0.15,class_proportional
0,0.8902834008097166,0.9166666666666666,0.8831246273106739,0.917412045319022,0.8421052631578947,0.8,0.9384615384615385,0.91045499621351,,,0.0,23.0,,ecoli,lr,47,clean,0.0,0.0,0.1,0.15,smote
0,0.8518218623481781,0.8571428571428571,0.81524926686217,0.8634268956849602,0.8421052631578947,0.64,0.8615384615384616,0.8585041520046406,,,0.0,23.0,,ecoli,lr,47,clean,0.0,0.0,0.1,0.15,cwms_msbs
0,0.8453441295546559,0.9047619047619048,0.8585858585858586,0.9028379028379028,0.7368421052631579,0.8235294117647058,0.9538461538461539,0.9152424675970381,,,0.0,0.0,,ecoli,lr,53,clean,0.0,0.0,0.1,0.15,no_cleaning
23,0.9089068825910931,0.9166666666666666,0.8870750912233532,0.9187311951859676,0.8947368421052632,0.7727272727272727,0.9230769230769231,0.8945735708792464,0.0,0.13043478260869565,,,,ecoli,lr,53,clean,0.0,0.0,0.1,0.15,class_proportional
0,0.8825910931174089,0.9047619047619048,0.86875,0.9063988095238096,0.8421052631578947,0.7619047619047619,0.9230769230769231,0.8974915565638883,,,0.0,23.0,,ecoli,lr,53,clean,0.0,0.0,0.1,0.15,smote
0,0.9275303643724696,0.9166666666666666,0.8906046511627908,0.9198449612403101,0.9473684210526315,0.75,0.9076923076923077,0.9001420229994277,,,0.0,23.0,,ecoli,lr,53,clean,0.0,0.0,0.1,0.15,cwms_msbs
0,0.5447761194029851,0.6822916666666666,0.48412104127207856,0.5807084049097769,0.08955223880597014,1.0,1.0,0.6588277925338613,,,0.0,0.0,,pima,svm,13,clean,0.0,0.0,0.1,0.15,no_cleaning
44,0.6092537313432835,0.703125,0.6068824311218075,0.665641052121125,0.29850746268656714,0.6666666666666666,0.92,0.6841754875101168,0.0,0.1590909090909091,,,,pima,svm,13,clean,0.0,0.0,0.1,0.15,class_proportional
0,0.6201791044776119,0.7083333333333334,0.6214084507042253,0.6762089201877934,0.3283582089552239,0.6666666666666666,0.912,0.6429166154966511,,,0.0,44.0,,pima,svm,13,clean,0.0,0.0,0.1,0.15,smote
0,0.6454925373134328,0.71875,0.6521739130434783,0.6981431159420289,0.40298507462686567,0.6585365853658537,0.888,0.647146707310938,,,0.0,44.0,,pima,svm,13,clean,0.0,0.0,0.1,0.15,cwms_msbs
0,0.5557014925373134,0.6875,0.5078605604921395,0.5976802802460698,0.11940298507462686,0.8888888888888888,0.992,0.6797613714461749,,,0.0,0.0,,pima,svm,17,clean,0.0,0.0,0.1,0.15,no_cleaning
44,0.647641791044776,0.7395833333333334,0.6527777777777778,0.7052228009259259,0.34328358208955223,0.7931034482758621,0.952,0.7168061677635454,0.0,0.1590909090909091,,,,pima,svm,17,clean,0.0,0.0,0.1,0.15,class_proportional
0,0.6028656716417911,0.7083333333333334,0.5936507936507937,0.6588624338624339,0.2537313432835821,0.7391304347826086,0.952,0.6906070503625288,,,0.0,44.0,,pima,svm,17,clean,0.0,0.0,0.1,0.15,smote
0,0.643641791044776,0.734375,0.6482632278458278,0.7008367308452171,0.34328358208955223,0.7666666666666667,0.944,0.7180218087433452,,,0.0,44.0,,pima,svm,17,clean,0.0,0.0,0.1,0.15,cwms_msbs
0,0.5149253731343284,0.6614583333333334,0.42581090407177363,0.5369292040487693,0.029850746268656716,1.0,1.0,0.5913453637744746,,,0.0,0.0,,pima,svm,23,clean,0.0,0.0,0.1,0.15,no_cleaning
44,0.6039402985074627,0.71875,0.5885714285714285,0.6584821428571429,0.22388059701492538,0.8823529411764706,0.984,0.6842896580634761,0.0,0.1590909090909091,,,,pima,svm,23,clean,0.0,0.0,0.1,0.15,class_proportional
0,0.5591641791044776,0.6875,0.5173453996983409,0.603915284062343,0.13432835820895522,0.8181818181818182,0.984,0.655668711922319,,,0.0,44.0,,pima,svm,23,clean,0.0,0.0,0.1,0.15,smote
0,0.644179104477612,0.7395833333333334,0.6478356566397652,0.7021353020298361,0.3283582089552239,0.8148148148148148,0.96,0.7053576531364383,,,0.0,44.0,,pima,svm,23,clean,0.0,0.0,0.1,0.15,cwms_msbs
0,0.5706268656716418,0.6979166666666666,0.5334338863750628,0.6171181079269314,0.14925373134328357,0.9090909090909091,0.992,0.697261362773498,,,0.0,0.0,,pima,svm,29,clean,0.0,0.0,0.1,0.15,no_cleaning
44,0.668955223880597,0.7447916666666666,0.678853046594982,0.7228121266427717,0.417910447761194,0.7368421052631579,0.92,0.7198778721693737,0.0,0.1590909090909091,,,,pima,svm,29,clean,0.0,0.0,0.1,0.15,class_proportional
0,0.6407164179104478,0.7395833333333334,0.642644431209053,0.6988689944411356,0.31343283582089554,0.84,0.968,0.6975342804188476,,,0.0,44.0,,pima,svm,29,clean,0.0,0.0,0.1,0.15,smote
0,0.6225671641791045,0.6979166666666666,0.6264090177133655,0.6757833467525497,0.373134328358209,0.6097560975609756,0.872,0.6588114091560953,,,0.0,44.0,,pima,svm,29,clean,0.0,0.0,0.1,0.15,cwms_msbs
0,0.5775522388059702,0.6979166666666666,0.550314973348409,0.6281413207343994,0.1791044776119403,0.8,0.976,0.6459328405293032,,,0.0,0.0,,pima,svm,31,clean,0.0,0.0,0.1,0.15,no_cleaning
44,0.6580298507462687,0.7395833333333334,0.6662494785148101,0.7135090738423028,0.3880597014925373,0.7428571428571429,0.928,0.6653182154579493,0.0,0.1590909090909091,,,,pima,svm,31,clean,0.0,0.0,0.1,0.15,class_proportional
0,0.6505671641791045,0.734375,0.6574187454081097,0.7064677867963475,0.373134328358209,0.7352941176470589,0.928,0.6520455352811185,,,0.0,44.0,,pima,svm,31,clean,0.0,0.0,0.1,0.15,smote
0,0.6678805970149254,0.734375,0.6768636768636769,0.7180446242946243,0.44776119402985076,0.6818181818181818,0.888,0.656564019903434,,,0.0,44.0,,pima,svm,31,clean,0.0,0.0,0.1,0.15,cwms_msbs
0,0.5844776119402985,0.6979166666666666,0.5654752614328078,0.637943200145674,0.208955223880597,0.7368421052631579,0.96,0.6382806607992284,,,0.0,0.0,,pima,svm,37,clean,0.0,0.0,0.1,0.15,no_cleaning
44,0.6724179104477612,0.7447916666666666,0.6825803839535747,0.7250304356872138,0.43283582089552236,0.725,0.912,0.6782454904229549,0.0,0.1590909090909091,,,,pima,svm,37,clean,0.0,0.0,0.1,0.15,class_proportional
0,0.6396417910447761,0.7291666666666666,0.6437847866419295,0.6964672232529376,0.34328358208955223,0.7419354838709677,0.936,0.6439619612228835,,,0.0,44.0,,pima,svm,37,clean,0.0,0.0,0.1,0.15,smote
0,0.6598805970149254,0.7239583333333334,0.6677007478039383,0.7090037852812157,0.44776119402985076,0.6521739130434783,0.872,0.65479428380446,,,0.0,44.0,,pima,svm,37,clean,0.0,0.0,0.1,0.15,cwms_msbs
0,0.5223880597014925,0.6666666666666666,0.4409463148316652,0.5482559902942069,0.04477611940298507,1.0,1.0,0.6365141780657071,,,0.0,0.0,,pima,svm,41,clean,0.0,0.0,0.1,0.15,no_cleaning
44,0.6068656716417911,0.7135416666666666,0.5977908969720054,0.6629709420427855,0.2537313432835821,0.7727272727272727,0.96,0.6282357698110761,0.0,0.1590909090909091,,,,pima,svm,41,clean,0.0,0.0,0.1,0.15,class_proportional
0,0.570089552238806,0.6927083333333334,0.538442733162205,0.6190499837020739,0.16417910447761194,0.7857142857142857,0.976,0.645446550925487,,,0.0,44.0,,pima,svm,41,clean,0.0,0.0,0.1,0.15,smote
0,0.5764776119402985,0.6875,0.5577395577395577,0.6301059582309582,0.208955223880597,0.6666666666666666,0.944,0.6408345402283988,,,0.0,44.0,,pima,svm,41,clean,0.0,0.0,0.1,0.15,cwms_msbs
0,0.5482388059701493,0.6822916666666666,0.49462783171521035,0.5876577669902913,0.1044776119402985,0.875,0.992,0.6771626626955707,,,0.0,0.0,,pima,svm,43,clean,0.0,0.0,0.1,0.15,no_cleaning
44,0.6511044776119402,0.7395833333333334,0.657485371771086,0.7081415608201324,0.3582089552238806,0.7741935483870968,0.944,0.7100449995762879,0.0,0.1590909090909091,,,,pima,svm,43,clean,0.0,0.0,0.1,0.15,class_proportional
0,0.652179104477612,0.75,0.656938653960691,0.7109142346634902,0.3283582089552239,0.88,0.976,0.7244643875996438,,,0.0,44.0,,pima,svm,43,clean,0.0,0.0,0.1,0.15,smote
0,0.6734925373134328,0.7552083333333334,0.6842878634153169,0.7294899211652615,0.40298507462686567,0.7941176470588235,0.944,0.7087280621307093,,,0.0,44.0,,pima,svm,43,clean,0.0,0.0,0.1,0.15,cwms_msbs
0,0.5069253731343284,0.6510416666666666,0.42114026009089683,0.5313409343172989,0.029850746268656716,0.5,0.984,0.5915006336107275,,,0.0,0.0,,pima,svm,47,clean,0.0,0.0,0.1,0.15,no_cleaning
44,0.6127164179104478,0.703125,0.6121212121212122,0.6688762626262627,0.31343283582089554,0.65625,0.912,0.6221174771878102,0.0,0.1590909090909091,,,,pima,svm,47,clean,0.0,0.0,0.1,0.15,class_proportional
0,0.5714029850746268,0.671875,0.5594245128391914,0.6266629484611183,0.23880597014925373,0.5714285714285714,0.904,0.6007927831035429,,,0.0,44.0,,pima,svm,47,clean,0.0,0.0,0.1,0.15,smote
0,0.6111044776119403,0.6875,0.6135265700483092,0.66460346215781,0.3582089552238806,0.5853658536585366,0.864,0.6422231820820384,,,0.0,44.0,,pima,svm,47,clean,0.0,0.0,0.1,0.15,cwms_msbs
0,0.5482388059701493,0.6822916666666666,0.49462783171521035,0.5876577669902913,0.1044776119402985,0.875,0.992,0.6173950507039118,,,0.0,0.0,,pima,svm,53,clean,0.0,0.0,0.1,0.15,no_cleaning
44,0.5954029850746269,0.703125,0.5831651114073511,0.6507153399352504,0.23880597014925373,0.7272727272727273,0.952,0.6673570135493821,0.0,0.1590909090909091,,,,pima,svm,53,clean,0.0,0.0,0.1,0.15,class_proportional
0,0.570089552238806,0.6927083333333334,0.538442733162205,0.6190499837020739,0.16417910447761194,0.7857142857142857,0.976,0.6236679603721574,,,0.0,44.0,,pima,svm,53,clean,0.0,0.0,0.1,0.15,smote
0,0.6023283582089553,0.703125,0.5956102427668772,0.6585986863984038,0.26865671641791045,0.6923076923076923,0.936,0.637378672201596,,,0.0,44.0,,pima,svm,53,clean,0.0,0.0,0.1,0.15,cwms_msbs
0,0.5133333333333333,0.708,0.43968560989837585,0.5947806330785055,0.02666666666666667,1.0,1.0,0.6417820952445529,,,0.0,0.0,,credit-g,svm,13,clean,0.0,0.0,0.1,0.15,no_cleaning
62,0.6238095238095238,0.756,0.6323086196503918,0.717613019891501,0.29333333333333333,0.7333333333333333,0.9542857142857143,0.6444686776659009,0.0,0.14516129032258066,,,,credit-g,svm,13,clean,0.0,0.0,0.1,0.15,class_proportional
0,0.6104761904761905,0.748,0.6148296691203443,0.7054217309432393,0.26666666666666666,0.7142857142857143,0.9542857142857143,0.6164180340152571,,,0.0,62.0,,credit-g,svm,13,clean,0.0,0.0,0.1,0.15,smote
0,0.6533333333333333,0.76,0.6672286804507942,0.7375099831395865,0.38666666666666666,0.6744186046511628,0.92,0.6101599041238471,,,0.0,62.0,,credit-g,svm,13,clean,0.0,0.0,0.1,0.15,cwms_msbs
0,0.5,0.7,0.4117647058823529,0.5764705882352942,0.0,0.0,1.0,0.6875525036415862,,,0.0,0.0,,credit-g,svm,17,clean,0.0,0.0,0.1,0.15,no_cleaning
62,0.560952380952381,0.732,0.5338287272828477,0.655406195207481,0.13333333333333333,0.8333333333333334,0.9885714285714285,0.6773707686148865,0.0,0.14516129032258066,,,,credit-g,svm,17,clean,0.0,0.0,0.1,0.15,class_proportional
0,0.5780952380952381,0.74,0.5633950401676563,0.6744673419490045,0.17333333333333334,0.8125,0.9828571428571429,0.6742799977007397,,,0.0,62.0,,credit-g,svm,17,clean,0.0,0.0,0.1,0.15,smote
0,0.6580952380952381,0.772,0.6741441997667559,0.7455717911778831,0.37333333333333335,0.7368421052631579,0.9428571428571428,0.6857114306532303,,,0.0,62.0,,credit-g,svm,17,clean,0.0,0.0,0.1,0.15,cwms_msbs
0,0.5,0.7,0.4117647058823529,0.5764705882352942,0.0,0.0,1.0,0.5991243432990712,,,0.0,0.0,,credit-g,svm,23,clean,0.0,0.0,0.1,0.15,no_cleaning
62,0.5895238095238096,0.74,0.5843032923179249,0.6860658463584969,0.21333333333333335,0.7272727272727273,0.9657142857142857,0.6132658828189841,0.0,0.14516129032258066,,,,credit-g,svm,23,clean,0.0,0.0,0.1,0.15,class_proportional
0,0.5933333333333333,0.74,0.590669790171037,0.6895639688657145,0.22666666666666666,0.7083333333333334,0.96,0.5820863386289357,,,0.0,62.0,,credit-g,svm,23,clean,0.0,0.0,0.1,0.15,smote
0,0.6009523809523809,0.724,0.6055429786650203,0.6920079577416477,0.29333333333333333,0.5789473684210527,0.9085714285714286,0.5220887549973676,,,0.0,62.0,,credit-g,svm,23,clean,0.0,0.0,0.1,0.15,cwms_msbs
0,0.5104761904761905,0.704,0.43796330052254223,0.5926358002187386,0.02666666666666667,0.6666666666666666,0.9942857142857143,0.5856447430218794,,,0.0,0.0,,credit-g,svm,29,clean,0.0,0.0,0.1,0.15,no_cleaning
62,0.5752380952380952,0.736,0.5604219948849105,0.6715473145780051,0.17333333333333334,0.7647058823529411,0.9771428571428571,0.599248587171272,0.0,0.14516129032258066,,,,credit-g,svm,29,clean,0.0,0.0,0.1,0.15,class_proportional
0,0.6428571428571429,0.772,0.6564195298372514,0.7361301989150091,0.32,0.8,0.9657142857142857,0.6534395018364911,,,0.0,62.0,,credit-g,svm,29,clean,0.0,0.0,0.1,0.15,smote
0,0.6485714285714286,0.764,0.6627106629164666,0.7366444856051771,0.36,0.7105263157894737,0.9371428571428572,0.6351980207038932,,,0.0,62.0,,credit-g,svm,29,clean,0.0,0.0,0.1,0.15,cwms_msbs
0,0.5038095238095238,0.7,0.42433453071750943,0.5836787326149029,0.013333333333333334,0.5,0.9942857142857143,0.5472248559778041,,,0.0,0.0,,credit-g,svm,31,clean,0.0,0.0,0.1,0.15,no_cleaning
62,0.6114285714285714,0.744,0.6168949334354947,0.7051623407719567,0.28,0.6774193548387096,0.9428571428571428,0.5559133183379755,0.0,0.14516129032258066,,,,credit-g,svm,31,clean,0.0,0.0,0.1,0.15,class_proportional
0,0.5561904761904762,0.704,0.5442900778401814,0.6522021874076264,0.18666666666666668,0.5185185185185185,0.9257142857142857,0.5411225996815201,,,0.0,62.0,,credit-g,svm,31,clean,0.0,0.0,0.1,0.15,smote
0,0.6123809523809524,0.724,0.6195328525110831,0.6992787666247601,0.3333333333333333,0.5681818181818182,0.8914285714285715,0.54388787908367,,,0.0,62.0,,credit-g,svm,31,clean,0.0,0.0,0.1,0.15,cwms_msbs
0,0.5066666666666667,0.704,0.42589374379344586,0.5857249255213506,0.013333333333333334,1.0,1.0,0.5325009120827543,,,0.0,0.0,,credit-g,svm,37,clean,0.0,0.0,0.1,0.15,no_cleaning
62,0.5723809523809524,0.732,0.5574753639269768,0.6686375525085202,0.17333333333333334,0.7222222222222222,0.9714285714285714,0.5172645553800778,0.0,0.14516129032258066,,,,credit-g,svm,37,clean,0.0,0.0,0.1,0.15,class_proportional
0,0.5561904761904762,0.72,0.5337809036658142,0.6516410912190964,0.14666666666666667,0.6470588235294118,0.9657142857142857,0.4855974411285133,,,0.0,62.0,,credit-g,svm,37,clean,0.0,0.0,0.1,0.15,smote
0,0.5857142857142857,0.708,0.5878035008469791,0.6768379446640316,0.28,0.525,0.8914285714285715,0.48505219689104695,,,0.0,62.0,,credit-g,svm,37,clean,0.0,0.0,0.1,0.15,cwms_msbs
0,0.5133333333333333,0.708,0.43968560989837585,0.5947806330785055,0.02666666666666667,1.0,1.0,0.5247562200208296,,,0.0,0.0,,credit-g,svm,41,clean,0.0,0.0,0.1,0.15,no_cleaning
62,0.5876190476190476,0.732,0.5843569319337949,0.6834462393607781,0.22666666666666666,0.6538461538461539,0.9485714285714286,0.5335687590524427,0.0,0.14516129032258066,,,,credit-g,svm,41,clean,0.0,0.0,0.1,0.15,class_proportional
0,0.5580952380952381,0.712,0.5431008224185196,0.6542187024063356,0.17333333333333334,0.5652173913043478,0.9428571428571428,0.5055031301343237,,,0.0,62.0,,credit-g,svm,41,clean,0.0,0.0,0.1,0.15,smote
0,0.6076190476190476,0.712,0.6139327385037748,0.6917638984214138,0.3466666666666667,0.5306122448979592,0.8685714285714285,0.47939651366672326,,,0.0,62.0,,credit-g,svm,41,clean,0.0,0.0,0.1,0.15,cwms_msbs
0,0.5066666666666667,0.704,0.42589374379344586,0.5857249255213506,0.013333333333333334,1.0,1.0,0.5933539369351694,,,0.0,0.0,,credit-g,svm,43,clean,0.0,0.0,0.1,0.15,no_cleaning
62,0.5780952380952381,0.724,0.5719496761706245,0.6739968733715476,0.21333333333333335,0.6153846153846154,0.9428571428571428,0.5647463295598578,0.0,0.14516129032258066,,,,credit-g,svm,43,clean,0.0,0.0,0.1,0.15,class_proportional
0,0.5580952380952381,0.712,0.5431008224185196,0.6542187024063356,0.17333333333333334,0.5652173913043478,0.9428571428571428,0.5182539557428268,,,0.0,62.0,,credit-g,svm,43,clean,0.0,0.0,0.1,0.15,smote
0,0.5961904761904762,0.712,0.6006744165409531,0.6850119797675038,0.30666666666666664,0.5348837209302325,0.8857142857142857,0.5155738384478007,,,0.0,62.0,,credit-g,svm,43,clean,0.0,0.0,0.1,0.15,cwms_msbs
0,0.5,0.7,0.4117647058823529,0.5764705882352942,0.0,0.0,1.0,0.6582974028080761,,,0.0,0.0,,credit-g,svm,47,clean,0.0,0.0,0.1,0.15,no_cleaning
62,0.5857142857142857,0.74,0.5776478232618583,0.6823911630929174,0.2,0.75,0.9714285714285714,0.6268598676252946,0.0,0.14516129032258066,,,,credit-g,svm,47,clean,0.0,0.0,0.1,0.15,class_proportional
0,0.5685714285714285,0.732,0.5499610414035841,0.6644509524705124,0.16,0.75,0.9771428571428571,0.6252595265424699,,,0.0,62.0,,credit-g,svm,47,clean,0.0,0.0,0.1,0.15,smote
0,0.64,0.752,0.6520294540229885,0.7266343390804597,0.36,0.6585365853658537,0.92,0.5981095892501991,,,0.0,62.0,,credit-g,svm,47,clean,0.0,0.0,0.1,0.15,cwms_msbs
0,0.5,0.7,0.4117647058823529,0.5764705882352942,0.0,0.0,1.0,0.5452639089678641,,,0.0,0.0,,credit-g,svm,53,clean,0.0,0.0,0.1,0.15,no_cleaning
62,0.580952380952381,0.728,0.575,0.677,0.21333333333333335,0.64,0.9485714285714286,0.5850324327095846,0.0,0.14516129032258066,,,,credit-g,svm,53,clean,0.0,0.0,0.1,0.15,class_proportional
0,0.5838095238095238,0.732,0.578075014483992,0.6800120909846596,0.21333333333333335,0.6666666666666666,0.9542857142857143,0.547617912658725,,,0.0,62.0,,credit-g,svm,53,clean,0.0,0.0,0.1,0.15,smote
0,0.6152380952380953,0.728,0.6228591711775668,0.7025113142248647,0.3333333333333333,0.5813953488372093,0.8971428571428571,0.5541504529332828,,,0.0,62.0,,credit-g,svm,53,clean,0.0,0.0,0.1,0.15,cwms_msbs
0,0.7100211528291909,0.889487870619946,0.752525827706825,0.8760894099001841,0.4426229508196721,0.7941176470588235,0.9774193548387097,0.6800728541633082,,,0.0,0.0,,yeast,svm,13,clean,0.0,0.0,0.1,0.15,no_cleaning
109,0.7644368059227922,0.8814016172506739,0.7752010576181558,0.8789027805534383,0.5901639344262295,0.6545454545454545,0.9387096774193548,0.6660089723172197,0.0,0.14678899082568808,,,,yeast,svm,13,clean,0.0,0.0,0.1,0.15,class_proportional
0,0.7397144368059227,0.8840970350404312,0.7652071528442121,0.8773419280974643,0.5245901639344263,0.6956521739130435,0.9548387096774194,0.6874285703262107,,,0.0,109.0,,yeast,svm,13,clean,0.0,0.0,0.1,0.15,smote
0,0.764304600740349,0.8921832884097035,0.786536248561565,0.8873259532442718,0.5737704918032787,0.7142857142857143,0.9548387096774194,0.6763411210651014,,,0.0,109.0,,yeast,svm,13,clean,0.0,0.0,0.1,0.15,cwms_msbs
0,0.7248016922263353,0.8921832884097035,0.7648624667258208,0.8809902491407906,0.47540983606557374,0.7837837837837838,0.9741935483870968,0.7006007542173841,,,0.0,0.0,,yeast,svm,17,clean,0.0,0.0,0.1,0.15,no_cleaning
109,0.8035430988894765,0.9137466307277629,0.829228998849252,0.9098607625954174,0.639344262295082,0.7959183673469388,0.967741935483871,0.6660114205925216,0.0,0.14678899082568808,,,,yeast,svm,17,clean,0.0,0.0,0.1,0.15,class_proportional
0,0.7395822316234797,0.894878706199461,0.776509476220633,0.885672210534441,0.5081967213114754,0.775,0.9709677419354839,0.6670936000731593,,,0.0,109.0,,yeast,svm,17,clean,0.0,0.0,0.1,0.15,smote
0,0.7871496562665257,0.9083557951482479,0.8157787124664097,0.9034277375149943,0.6065573770491803,0.7872340425531915,0.967741935483871,0.6892639559322076,,,0.0,109.0,,yeast,svm,17,clean,0.0,0.0,0.1,0.15,cwms_msbs
0,0.7230565838180857,0.9002695417789758,0.7725698759050317,0.8869483536122693,0.45901639344262296,0.875,0.9870967741935484,0.6761639844448959,,,0.0,0.0,,yeast,svm,23,clean,0.0,0.0,0.1,0.15,no_cleaning
109,0.7381015335801164,0.8814016172506739,0.761595980838883,0.8750241309017572,0.5245901639344263,0.6808510638297872,0.9516129032258065,0.6703683931698686,0.0,0.14678899082568808,,,,yeast,svm,23,clean,0.0,0.0,0.1,0.15,class_proportional
0,0.7281597038603913,0.8867924528301887,0.7613051470588235,0.8774625416204217,0.4918032786885246,0.7317073170731707,0.964516129032258,0.6715595801560446,,,0.0,109.0,,yeast,svm,23,clean,0.0,0.0,0.1,0.15,smote
0,0.7233209941829719,0.8787061994609164,0.750392464678179,0.8705056976138993,0.4918032786885246,0.6818181818181818,0.9548387096774194,0.679280006023957,,,0.0,109.0,,yeast,svm,23,clean,0.0,0.0,0.1,0.15,cwms_msbs
0,0.7394500264410364,0.9056603773584906,0.7887415602375336,0.8942226669879623,0.4918032786885246,0.8823529411764706,0.9870967741935484,0.6743743768853782,,,0.0,0.0,,yeast,svm,29,clean,0.0,0.0,0.1,0.15,no_cleaning
109,0.767530407191962,0.8975741239892183,0.7941056198153991,0.8920662948696995,0.5737704918032787,0.7446808510638298,0.9612903225806452,0.6744678456770916,0.0,0.14678899082568808,,,,yeast,svm,29,clean,0.0,0.0,0.1,0.15,class_proportional
0,0.7608143839238498,0.9083557951482479,0.8035202492211838,0.8998451604235416,0.5409836065573771,0.8461538461538461,0.9806451612903225,0.6758712956706425,,,0.0,109.0,,yeast,svm,29,clean,0.0,0.0,0.1,0.15,smote
0,0.7608143839238498,0.9083557951482479,0.8035202492211838,0.8998451604235416,0.5409836065573771,0.8461538461538461,0.9806451612903225,0.6903518313433324,,,0.0,109.0,,yeast,svm,29,clean,0.0,0.0,0.1,0.15,cwms_msbs
0,0.6772342675832892,0.8787061994609164,0.7181850407656859,0.8609342140339444,0.3770491803278688,0.7666666666666667,0.9774193548387097,0.6385914553932498,,,0.0,0.0,,yeast,svm,31,clean,0.0,0.0,0.1,0.15,no_cleaning
109,0.7331306187202538,0.8840970350404312,0.7614861329147044,0.8762609999421705,0.5081967213114754,0.7045454545454546,0.9580645161290322,0.6220536899043867,0.0,0.14678899082568808,,,,yeast,svm,31,clean,0.0,0.0,0.1,0.15,class_proportional
0,0.706795346377578,0.8840970350404312,0.7450171821305842,0.8714072674391677,0.4426229508196721,0.75,0.9709677419354839,0.6309035408894582,,,0.0,109.0,,yeast,svm,31,clean,0.0,0.0,0.1,0.15,smote
0,0.7199629825489159,0.8840970350404312,0.753587371217621,0.8739462834097682,0.47540983606557374,0.725,0.964516129032258,0.6006105722266591,,,0.0,109.0,,yeast,svm,31,clean,0.0,0.0,0.1,0.15,cwms_msbs
0,0.710153358011634,0.8787061994609164,0.742126318716115,0.8680833198474319,0.45901639344262296,0.7,0.9612903225806452,0.6261150714402869,,,0.0,0.0,,yeast,svm,37,clean,0.0,0.0,0.1,0.15,no_cleaning
109,0.7449497620306715,0.8598382749326146,0.7449497620306715,0.8598382749326146,0.5737704918032787,0.5737704918032787,0.9161290322580645,0.6105921698249953,0.0,0.14678899082568808,,,,yeast,svm,37,clean,0.0,0.0,0.1,0.15,class_proportional
0,0.720095187731359,0.8733153638814016,0.743365957759953,0.8659318748972283,0.4918032786885246,0.6521739130434783,0.9483870967741935,0.6265420231865771,,,0.0,109.0,,yeast,svm,37,clean,0.0,0.0,0.1,0.15,smote
0,0.7350079323109466,0.8652291105121294,0.744546656384268,0.8623895233561796,0.5409836065573771,0.6,0.9290322580645162,0.6291366659257529,,,0.0,109.0,,yeast,svm,37,clean,0.0,0.0,0.1,0.15,cwms_msbs
0,0.687043892120571,0.8840970350404312,0.7307101500649889,0.8671149156324358,0.39344262295081966,0.8,0.9806451612903225,0.6409399244254573,,,0.0,0.0,,yeast,svm,41,clean,0.0,0.0,0.1,0.15,no_cleaning
109,0.7315177154944474,0.8814016172506739,0.7578616352201257,0.8739425994676974,0.5081967213114754,0.6888888888888889,0.9548387096774194,0.6472016455473844,0.0,0.14678899082568808,,,,yeast,svm,41,clean,0.0,0.0,0.1,0.15,class_proportional
0,0.7231887890005289,0.889487870619946,0.761047488885747,0.8786271030468336,0.47540983606557374,0.7631578947368421,0.9709677419354839,0.6488583853460584,,,0.0,109.0,,yeast,svm,41,clean,0.0,0.0,0.1,0.15,smote
0,0.7379693283976732,0.8921832884097035,0.772671568627451,0.8832976586861159,0.5081967213114754,0.7560975609756098,0.967741935483871,0.6498488821143439,,,0.0,109.0,,yeast,svm,41,clean,0.0,0.0,0.1,0.15,cwms_msbs
0,0.6969857218402962,0.8787061994609164,0.7331575161831695,0.865426210110757,0.4262295081967213,0.7222222222222222,0.967741935483871,0.6369398214717437,,,0.0,0.0,,yeast,svm,43,clean,0.0,0.0,0.1,0.15,no_cleaning
109,0.7514013749338975,0.8706199460916442,0.758148631029987,0.8688417434819738,0.5737704918032787,0.6140350877192983,0.9290322580645162,0.6435713207740175,0.0,0.14678899082568808,,,,yeast,svm,43,clean,0.0,0.0,0.1,0.15,class_proportional
0,0.7479111581173983,0.8867924528301887,0.7724325271643884,0.8807048522244045,0.5409836065573771,0.7021276595744681,0.9548387096774194,0.6448653075056727,,,0.0,109.0,,yeast,svm,43,clean,0.0,0.0,0.1,0.15,smote
0,0.7480433632998413,0.876010781671159,0.7616214102134317,0.8724500230265606,0.5573770491803278,0.6415094339622641,0.9387096774193548,0.6560426497582348,,,0.0,109.0,,yeast,svm,43,clean,0.0,0.0,0.1,0.15,cwms_msbs
0,0.6820729772607086,0.8867924528301887,0.7292535446205171,0.8678655168615356,0.3770491803278688,0.8518518518518519,0.9870967741935484,0.5923581873622937,,,0.0,0.0,,yeast,svm,47,clean,0.0,0.0,0.1,0.15,no_cleaning
109,0.7331306187202538,0.8840970350404312,0.7614861329147044,0.8762609999421705,0.5081967213114754,0.7045454545454546,0.9580645161290322,0.5642205804299045,0.0,0.14678899082568808,,,,yeast,svm,47,clean,0.0,0.0,0.1,0.15,class_proportional
0,0.7084082496033844,0.8867924528301887,0.7487422600619196,0.873740434604825,0.4426229508196721,0.7714285714285715,0.9741935483870968,0.586576337045621,,,0.0,109.0,,yeast,svm,47,clean,0.0,0.0,0.1,0.15,smote
0,0.7347435219460603,0.8867924528301887,0.7651615625753556,0.87859261753211,0.5081967213114754,0.7209302325581395,0.9612903225806452,0.5927675449321412,,,0.0,109.0,,yeast,svm,47,clean,0.0,0.0,0.1,0.15,cwms_msbs
0,0.7084082496033844,0.8867924528301887,0.7487422600619196,0.873740434604825,0.4426229508196721,0.7714285714285715,0.9741935483870968,0.6600116401221968,,,0.0,0.0,,yeast,svm,53,clean,0.0,0.0,0.1,0.15,no_cleaning
109,0.770888418826018,0.8921832884097035,0.7896825396825398,0.8882257305437898,0.5901639344262295,0.7058823529411765,0.9516129032258065,0.6649497205154145,0.0,0.14678899082568808,,,,yeast,svm,53,clean,0.0,0.0,0.1,0.15,class_proportional
0,0.7495240613432046,0.889487870619946,0.7761277503863419,0.8830469546975822,0.5409836065573771,0.717391304347826,0.9580645161290322,0.6551359196097337,,,0.0,109.0,,yeast,svm,53,clean,0.0,0.0,0.1,0.15,smote
0,0.7725013220518244,0.894878706199461,0.7934209962736112,0.8905862646256748,0.5901639344262295,0.72,0.9548387096774194,0.673192414483459,,,0.0,109.0,,yeast,svm,53,clean,0.0,0.0,0.1,0.15,cwms_msbs
0,0.6103099053360833,0.764618800888231,0.6133663794034429,0.7134256736164565,0.23737373737373738,0.8545454545454545,0.9832460732984293,0.7746277195328469,,,0.0,0.0,,phoneme,svm,13,clean,0.0,0.0,0.1,0.15,no_cleaning
337,0.7202496165846951,0.8134715025906736,0.7431233362910381,0.7987451537754741,0.494949494949495,0.7903225806451613,0.9455497382198953,0.7570072539402295,0.0,0.1513353115727003,,,,phoneme,svm,13,clean,0.0,0.0,0.1,0.15,class_proportional
0,0.7285644402136549,0.8179126572908957,0.7513496932515338,0.8045810192858732,0.5126262626262627,0.79296875,0.9445026178010472,0.7872176513292555,,,0.0,337.0,,phoneme,svm,13,clean,0.0,0.0,0.1,0.15,smote
0,0.796221376064308,0.8393782383419689,0.8021554792972085,0.8376631965429782,0.6919191919191919,0.7425474254742548,0.900523560209424,0.7772251788551161,,,0.0,337.0,,phoneme,svm,13,clean,0.0,0.0,0.1,0.15,cwms_msbs
0,0.6579627605363074,0.7942264988897113,0.6774027856990703,0.7574406802220556,0.327455919395466,0.9219858156028369,0.9884696016771488,0.8093483303110073,,,0.0,0.0,,phoneme,svm,17,clean,0.0,0.0,0.1,0.15,no_cleaning
337,0.7663067872777487,0.8371576609918578,0.7863140942685417,0.8292880952774752,0.5944584382871536,0.8,0.9381551362683438,0.7854241911939798,0.0,0.1513353115727003,,,,phoneme,svm,17,clean,0.0,0.0,0.1,0.15,class_proportional
0,0.762317221931784,0.8356772760917839,0.783132896015549,0.8271437527109817,0.5843828715365239,0.8027681660899654,0.940251572327044,0.807155827147491,,,0.0,337.0,,phoneme,svm,17,clean,0.0,0.0,0.1,0.15,smote
0,0.8121009774567115,0.84159881569208,0.810267751673448,0.8420553703590181,0.7405541561712846,0.725925925925926,0.8836477987421384,0.8025065303166474,,,0.0,337.0,,phoneme,svm,17,clean,0.0,0.0,0.1,0.15,cwms_msbs
0,0.6211259498650782,0.771280532938564,0.6282502357614761,0.7233192996369391,0.25692695214105793,0.8793103448275862,0.9853249475890985,0.7973164888526187,,,0.0,0.0,,phoneme,svm,23,clean,0.0,0.0,0.1,0.15,no_cleaning
337,0.754033131082701,0.8260547742413027,0.772390159621182,0.8179559985593028,0.5793450881612091,0.7718120805369127,0.9287211740041929,0.7702800166779463,0.0,0.1513353115727003,,,,phoneme,svm,23,clean,0.0,0.0,0.1,0.15,class_proportional
0,0.7595871024296479,0.8349370836417469,0.7810994833252319,0.8258570107525436,0.5768261964735516,0.8063380281690141,0.9423480083857443,0.796200251066325,,,0.0,337.0,,phoneme,svm,23,clean,0.0,0.0,0.1,0.15,smote
0,0.8115768684420364,0.840858623242043,0.8095182822184056,0.8413733368719932,0.7405541561712846,0.7241379310344828,0.8825995807127882,0.7820031227538763,,,0.0,337.0,,phoneme,svm,23,clean,0.0,0.0,0.1,0.15,cwms_msbs
0,0.6527216703895569,0.7868245743893413,0.6703739096842405,0.7511497754884012,0.327455919395466,0.8609271523178808,0.9779874213836478,0.7681454704740622,,,0.0,0.0,,phoneme,svm,29,clean,0.0,0.0,0.1,0.15,no_cleaning
337,0.7458506936193358,0.8186528497409327,0.7631495150216281,0.8104207037657453,0.5692695214105793,0.7533333333333333,0.9224318658280922,0.7427356941564139,0.0,0.1513353115727003,,,,phoneme,svm,29,clean,0.0,0.0,0.1,0.15,class_proportional
0,0.7491986544788218,0.8275351591413768,0.7703864179295001,0.8176146803256653,0.5591939546599496,0.7928571428571428,0.939203354297694,0.7808766865090057,,,0.0,337.0,,phoneme,svm,29,clean,0.0,0.0,0.1,0.15,smote
0,0.804129767807825,0.8334566987416728,0.8012280409216193,0.834226868873402,0.7329974811083123,0.7097560975609756,0.8752620545073375,0.7613590776530391,,,0.0,337.0,,phoneme,svm,29,clean,0.0,0.0,0.1,0.15,cwms_msbs
0,0.5983922999629806,0.7623982235381199,0.5940554207100808,0.7022205089639587,0.20202020202020202,0.9411764705882353,0.9947643979057592,0.8303375061432405,,,0.0,0.0,,phoneme,svm,31,clean,0.0,0.0,0.1,0.15,no_cleaning
337,0.7668742397799989,0.8386380458919319,0.7874486155054156,0.8306083313214979,0.5934343434343434,0.8047945205479452,0.9403141361256544,0.8049878506959114,0.0,0.1513353115727003,,,,phoneme,svm,31,clean,0.0,0.0,0.1,0.15,class_proportional
0,0.7670593368237347,0.8430792005921539,0.7904617257504727,0.8339080602209304,0.5833333333333334,0.8309352517985612,0.9507853403141361,0.8274001886595402,,,0.0,337.0,,phoneme,svm,31,clean,0.0,0.0,0.1,0.15,smote
0,0.813928552541118,0.844559585492228,0.813001260236123,0.8447870328814612,0.73989898989899,0.7325,0.8879581151832461,0.8146379382795287,,,0.0,337.0,,phoneme,svm,31,clean,0.0,0.0,0.1,0.15,cwms_msbs
0,0.6137805026165846,0.7660991857883049,0.6181157864605696,0.7161261948143729,0.24433249370277077,0.8584070796460177,0.9832285115303984,0.7814119360702754,,,0.0,0.0,,phoneme,svm,37,clean,0.0,0.0,0.1,0.15,no_cleaning
337,0.7585468054433409,0.8282753515914137,0.7763436563436563,0.8207767657952706,0.5894206549118388,0.7722772277227723,0.9276729559748428,0.7670551052772643,0.0,0.1513353115727003,,,,phoneme,svm,37,clean,0.0,0.0,0.1,0.15,class_proportional
0,0.7690369067798848,0.8378978534418949,0.788284668529537,0.8305393229579519,0.6020151133501259,0.7966666666666666,0.9360587002096437,0.8146827403084771,,,0.0,337.0,,phoneme,svm,37,clean,0.0,0.0,0.1,0.15,smote
0,0.8110606804704044,0.8349370836417469,0.8049130318506561,0.8364666108084629,0.7531486146095718,0.7051886792452831,0.8689727463312369,0.8034153567104191,,,0.0,337.0,,phoneme,svm,37,clean,0.0,0.0,0.1,0.15,cwms_msbs
0,0.6032577079697499,0.7609178386380459,0.603043581488897,0.7066254004400405,0.2222222222222222,0.8543689320388349,0.9842931937172775,0.7845363712564228,,,0.0,0.0,,phoneme,svm,41,clean,0.0,0.0,0.1,0.15,no_cleaning
337,0.7399280765772913,0.8245743893412287,0.7626663978456765,0.8128208431297543,0.5353535353535354,0.8,0.9445026178010472,0.7558661006130363,0.0,0.1513353115727003,,,,phoneme,svm,41,clean,0.0,0.0,0.1,0.15,class_proportional
0,0.7356166375799884,0.8216136195410807,0.7581653033378716,0.8094190732187877,0.5277777777777778,0.7946768060836502,0.9434554973821989,0.7990055370314801,,,0.0,337.0,,phoneme,svm,41,clean,0.0,0.0,0.1,0.15,smote
0,0.8025649161774816,0.8378978534418949,0.8036838840027736,0.8375945381099879,0.7171717171717171,0.7263427109974424,0.8879581151832461,0.8100968840740242,,,0.0,337.0,,phoneme,svm,41,clean,0.0,0.0,0.1,0.15,cwms_msbs
0,0.6090472790734571,0.7638786084381939,0.6115594172070826,0.7122053130678287,0.23484848484848486,0.8532110091743119,0.9832460732984293,0.768284478679831,,,0.0,0.0,,phoneme,svm,43,clean,0.0,0.0,0.1,0.15,no_cleaning
337,0.7570191443228091,0.8267949666913398,0.7744155844155844,0.8193926576754113,0.5883838383838383,0.7664473684210527,0.9256544502617801,0.740804862524703,0.0,0.1513353115727003,,,,phoneme,svm,43,clean,0.0,0.0,0.1,0.15,class_proportional
0,0.7530157596911524,0.8253145817912657,0.7712062413171521,0.8172436268955836,0.5782828282828283,0.7684563758389261,0.9277486910994764,0.760945483746667,,,0.0,337.0,,phoneme,svm,43,clean,0.0,0.0,0.1,0.15,smote
0,0.7974826802051933,0.8223538119911177,0.7904711684605602,0.8242897599853831,0.7373737373737373,0.6822429906542056,0.8575916230366493,0.7397631409901002,,,0.0,337.0,,phoneme,svm,43,clean,0.0,0.0,0.1,0.15,cwms_msbs
0,0.6175588401480707,0.768319763138416,0.6234379410787768,0.7197376724477732,0.2518891687657431,0.8620689655172413,0.9832285115303984,0.7780790873110134,,,0.0,0.0,,phoneme,svm,47,clean,0.0,0.0,0.1,0.15,no_cleaning
337,0.7725102841542175,0.8334566987416728,0.787177212646354,0.8280941551147548,0.6246851385390428,0.7654320987654321,0.9203354297693921,0.7506150609470702,0.0,0.1513353115727003,,,,phoneme,svm,47,clean,0.0,0.0,0.1,0.15,class_proportional
0,0.7574985874139907,0.8267949666913398,0.7748333333333333,0.8194290648902047,0.5894206549118388,0.7672131147540984,0.9255765199161425,0.7609252340340591,,,0.0,337.0,,phoneme,svm,47,clean,0.0,0.0,0.1,0.15,smote
0,0.8022445595636034,0.8297557364914878,0.7978113417732062,0.830945471862746,0.7355163727959698,0.7002398081534772,0.8689727463312369,0.7435919029956275,,,0.0,337.0,,phoneme,svm,47,clean,0.0,0.0,0.1,0.15,cwms_msbs
0,0.6208130686648818,0.7698001480384901,0.6280592575543644,0.7227231376498775,0.2594458438287154,0.8583333333333333,0.9821802935010482,0.7902016474005136,,,0.0,0.0,,phoneme,svm,53,clean,0.0,0.0,0.1,0.15,no_cleaning
337,0.7550813491120512,0.8275351591413768,0.773901282612084,0.8193026036254824,0.5793450881612091,0.777027027027027,0.9308176100628931,0.7713792327689687,0.0,0.1513353115727003,,,,phoneme,svm,53,clean,0.0,0.0,0.1,0.15,class_proportional
0,0.7550734280690081,0.8327165062916358,0.7770653107239028,0.8229878528442395,0.5667506297229219,0.8064516129032258,0.9433962264150944,0.7957892610068058,,,0.0,337.0,,phoneme,svm,53,clean,0.0,0.0,0.1,0.15,smote
0,0.815668087173719,0.844559585492228,0.8138141488384303,0.8450076064270738,0.7455919395465995,0.7308641975308642,0.8857442348008385,0.7950309396936945,,,0.0,337.0,,phoneme,svm,53,clean,0.0,0.0,0.1,0.15,cwms_msbs
0,0.668825910931174,0.8333333333333334,0.7,0.8095238095238095,0.3684210526315789,0.7777777777777778,0.9692307692307692,0.8040516196539469,,,0.0,0.0,,ecoli,svm,13,clean,0.0,0.0,0.1,0.15,no_cleaning
23,0.8376518218623481,0.8928571428571429,0.8440272333402105,0.8918182086121017,0.7368421052631579,0.7777777777777778,0.9384615384615385,0.7735124451843325,0.0,0.13043478260869565,,,,ecoli,svm,13,clean,0.0,0.0,0.1,0.15,class_proportional
0,0.7773279352226721,0.8571428571428571,0.7878787878787878,0.8542568542568542,0.631578947368421,0.7058823529411765,0.9230769230769231,0.7272403266536431,,,0.0,23.0,,ecoli,svm,13,clean,0.0,0.0,0.1,0.15,smote
0,0.8331983805668016,0.8571428571428571,0.8095238095238095,0.8616780045351474,0.7894736842105263,0.6521739130434783,0.8769230769230769,0.7291222922930398,,,0.0,23.0,,ecoli,svm,13,clean,0.0,0.0,0.1,0.15,cwms_msbs
0,0.7894736842105263,0.9047619047619048,0.8376811594202898,0.894824016563147,0.5789473684210527,1.0,1.0,0.9320948166312348,,,0.0,0.0,,ecoli,svm,17,clean,0.0,0.0,0.1,0.15,no_cleaning
23,0.8607287449392713,0.9285714285714286,0.8893766461808603,0.9254358459801831,0.7368421052631579,0.9333333333333333,0.9846153846153847,0.9306036702534954,0.0,0.13043478260869565,,,,ecoli,svm,17,clean,0.0,0.0,0.1,0.15,class_proportional
0,0.8607287449392713,0.9285714285714286,0.8893766461808603,0.9254358459801831,0.7368421052631579,0.9333333333333333,0.9846153846153847,0.9454942503317114,,,0.0,23.0,,ecoli,svm,17,clean,0.0,0.0,0.1,0.15,smote
0,0.9352226720647774,0.9285714285714286,0.9047619047619047,0.9308390022675735,0.9473684210526315,0.782608695652174,0.9230769230769231,0.9275725844774239,,,0.0,23.0,,ecoli,svm,17,clean,0.0,0.0,0.1,0.15,cwms_msbs
0,0.7894736842105263,0.9047619047619048,0.8376811594202898,0.894824016563147,0.5789473684210527,1.0,1.0,0.93337153941489,,,0.0,0.0,,ecoli,svm,23,clean,0.0,0.0,0.1,0.15,no_cleaning
23,0.834412955465587,0.9166666666666666,0.868013468013468,0.9118967452300786,0.6842105263157895,0.9285714285714286,0.9846153846153847,0.9547182673119612,0.0,0.13043478260869565,,,,ecoli,svm,23,clean,0.0,0.0,0.1,0.15,class_proportional
0,0.8421052631578947,0.9285714285714286,0.8841911764705883,0.9234506302521007,0.6842105263157895,1.0,1.0,0.9504898257464656,,,0.0,23.0,,ecoli,svm,23,clean,0.0,0.0,0.1,0.15,smote
0,0.8825910931174089,0.9047619047619048,0.86875,0.9063988095238096,0.8421052631578947,0.7619047619047619,0.9230769230769231,0.9278326083313293,,,0.0,23.0,,ecoli,svm,23,clean,0.0,0.0,0.1,0.15,cwms_msbs
0,0.8530364372469635,0.9166666666666666,0.8736842105263158,0.9140350877192981,0.7368421052631579,0.875,0.9692307692307692,0.9262433043392793,,,0.0,0.0,,ecoli,svm,29,clean,0.0,0.0,0.1,0.15,no_cleaning
23,0.8639676113360324,0.9047619047619048,0.8639676113360324,0.9047619047619048,0.7894736842105263,0.7894736842105263,0.9384615384615385,0.9143393242464448,0.0,0.13043478260869565,,,,ecoli,svm,29,clean,0.0,0.0,0.1,0.15,class_proportional
0,0.8716599190283401,0.9166666666666666,0.878687848153497,0.9158586066983014,0.7894736842105263,0.8333333333333334,0.9538461538461539,0.902312405840116,,,0.0,23.0,,ecoli,svm,29,clean,0.0,0.0,0.1,0.15,smote
0,0.8672064777327935,0.8809523809523809,0.8412698412698412,0.884731670445956,0.8421052631578947,0.6956521739130435,0.8923076923076924,0.8803796610197578,,,0.0,23.0,,ecoli,svm,29,clean,0.0,0.0,0.1,0.15,cwms_msbs
0,0.763157894736842,0.8928571428571429,0.8124534854874721,0.8797001807421058,0.5263157894736842,1.0,1.0,0.949114402539325,,,0.0,0.0,,ecoli,svm,31,clean,0.0,0.0,0.1,0.15,no_cleaning
23,0.905668016194332,0.9404761904761905,0.9133484629667836,0.9398990047845011,0.8421052631578947,0.8888888888888888,0.9692307692307692,0.9393069463502899,0.0,0.13043478260869565,,,,ecoli,svm,31,clean,0.0,0.0,0.1,0.15,class_proportional
0,0.8530364372469635,0.9166666666666666,0.8736842105263158,0.9140350877192981,0.7368421052631579,0.875,0.9692307692307692,0.9477748936197687,,,0.0,23.0,,ecoli,svm,31,clean,0.0,0.0,0.1,0.15,smote
0,0.9198380566801619,0.9047619047619048,0.8768328445747801,0.9089512637899734,0.9473684210526315,0.72,0.8923076923076924,0.879003196142784,,,0.0,23.0,,ecoli,svm,31,clean,0.0,0.0,0.1,0.15,cwms_msbs
0,0.8267206477732794,0.9047619047619048,0.8525021949078139,0.9005811279735776,0.6842105263157895,0.8666666666666667,0.9692307692307692,0.8746043704235313,,,0.0,0.0,,ecoli,svm,37,clean,0.0,0.0,0.1,0.15,no_cleaning
23,0.8376518218623481,0.8928571428571429,0.8440272333402105,0.8918182086121017,0.7368421052631579,0.7777777777777778,0.9384615384615385,0.8921044652485093,0.0,0.13043478260869565,,,,ecoli,svm,37,clean,0.0,0.0,0.1,0.15,class_proportional
0,0.8190283400809717,0.8928571428571429,0.837593984962406,0.8894736842105262,0.6842105263157895,0.8125,0.9538461538461539,0.8804192876809789,,,0.0,23.0,,ecoli,svm,37,clean,0.0,0.0,0.1,0.15,smote
0,0.8595141700404858,0.8690476190476191,0.8280930232558139,0.8740420819490586,0.8421052631578947,0.6666666666666666,0.8769230769230769,0.8590806854479969,,,0.0,23.0,,ecoli,svm,37,clean,0.0,0.0,0.1,0.15,cwms_msbs
0,0.774089068825911,0.8809523809523809,0.8069852941176471,0.8724177170868347,0.5789473684210527,0.8461538461538461,0.9692307692307692,0.8502821750051666,,,0.0,0.0,,ecoli,svm,41,clean,0.0,0.0,0.1,0.15,no_cleaning
23,0.8530364372469635,0.9166666666666666,0.8736842105263158,0.9140350877192981,0.7368421052631579,0.875,0.9692307692307692,0.8675001898686108,0.0,0.13043478260869565,,,,ecoli,svm,41,clean,0.0,0.0,0.1,0.15,class_proportional
0,0.8267206477732794,0.9047619047619048,0.8525021949078139,0.9005811279735776,0.6842105263157895,0.8666666666666667,0.9692307692307692,0.865531663655817,,,0.0,23.0,,ecoli,svm,41,clean,0.0,0.0,0.1,0.15,smote
0,0.8222672064777328,0.8690476190476191,0.8163387000596303,0.8702189283584632,0.7368421052631579,0.7,0.9076923076923077,0.8390819748254157,,,0.0,23.0,,ecoli,svm,41,clean,0.0,0.0,0.1,0.15,cwms_msbs
0,0.8267206477732794,0.9047619047619048,0.8525021949078139,0.9005811279735776,0.6842105263157895,0.8666666666666667,0.9692307692307692,0.9138795577894485,,,0.0,0.0,,ecoli,svm,43,clean,0.0,0.0,0.1,0.15,no_cleaning
23,0.9242914979757085,0.9404761904761905,0.9165175909361956,0.9410086037993016,0.8947368421052632,0.85,0.9538461538461539,0.9348945996941758,0.0,0.13043478260869565,,,,ecoli,svm,43,clean,0.0,0.0,0.1,0.15,class_proportional
0,0.8716599190283401,0.9166666666666666,0.878687848153497,0.9158586066983014,0.7894736842105263,0.8333333333333334,0.9538461538461539,0.929240110446407,,,0.0,23.0,,ecoli,svm,43,clean,0.0,0.0,0.1,0.15,smote
0,0.9275303643724696,0.9166666666666666,0.8906046511627908,0.9198449612403101,0.9473684210526315,0.75,0.9076923076923077,0.9201971384532965,,,0.0,23.0,,ecoli,svm,43,clean,0.0,0.0,0.1,0.15,cwms_msbs
0,0.7850202429149797,0.8690476190476191,0.8015037593984962,0.8649122807017543,0.631578947368421,0.75,0.9384615384615385,0.8301828992557359,,,0.0,0.0,,ecoli,svm,47,clean,0.0,0.0,0.1,0.15,no_cleaning
23,0.8145748987854251,0.8571428571428571,0.803125,0.8595982142857143,0.7368421052631579,0.6666666666666666,0.8923076923076924,0.7936695647788199,0.0,0.13043478260869565,,,,ecoli,svm,47,clean,0.0,0.0,0.1,0.15,class_proportional
0,0.8485829959514171,0.8809523809523809,0.8359375,0.8829985119047619,0.7894736842105263,0.7142857142857143,0.9076923076923077,0.8018750952237961,,,0.0,23.0,,ecoli,svm,47,clean,0.0,0.0,0.1,0.15,smote
0,0.8518218623481781,0.8571428571428571,0.81524926686217,0.8634268956849602,0.8421052631578947,0.64,0.8615384615384616,0.6979398982003637,,,0.0,23.0,,ecoli,svm,47,clean,0.0,0.0,0.1,0.15,cwms_msbs
0,0.834412955465587,0.9166666666666666,0.868013468013468,0.9118967452300786,0.6842105263157895,0.9285714285714286,0.9846153846153847,0.8986386291358797,,,0.0,0.0,,ecoli,svm,53,clean,0.0,0.0,0.1,0.15,no_cleaning
23,0.9133603238866397,0.9523809523809523,0.9292929292929293,0.9514189514189514,0.8421052631578947,0.9411764705882353,0.9846153846153847,0.9112468996655965,0.0,0.13043478260869565,,,,ecoli,svm,53,clean,0.0,0.0,0.1,0.15,class_proportional
0,0.8376518218623481,0.8928571428571429,0.8440272333402105,0.8918182086121017,0.7368421052631579,0.7777777777777778,0.9384615384615385,0.8654051789826596,,,0.0,23.0,,ecoli,svm,53,clean,0.0,0.0,0.1,0.15,smote
0,0.9012145748987854,0.9047619047619048,0.873015873015873,0.907785336356765,0.8947368421052632,0.7391304347826086,0.9076923076923077,0.8440304362745135,,,0.0,23.0,,ecoli,svm,53,clean,0.0,0.0,0.1,0.15,cwms_msbs
