budget,dataset,model,method,balanced_accuracy_mean,balanced_accuracy_std,macro_f1_mean,macro_f1_std,minority_recall_mean,minority_recall_std,noise_precision_deleted_mean,noise_precision_deleted_std,clean_minority_deletion_rate_mean,clean_minority_deletion_rate_std
0.05,credit-g,hgb,class_proportional,0.5568,0.0113,0.5463,0.0158,0.1947,0.0242,0.2065,0.054,0.071,0.0421
0.05,credit-g,hgb,crcc_m,0.5699,0.0264,0.5656,0.0343,0.2347,0.053,0.1419,0.0489,0.0258,0.0144
0.05,credit-g,hgb,crcc_p_l0,0.5568,0.0113,0.5463,0.0158,0.1947,0.0242,0.2065,0.054,0.071,0.0421
0.05,credit-g,hgb,crcc_p_l025,0.5568,0.0113,0.5463,0.0158,0.1947,0.0242,0.2065,0.054,0.071,0.0421
0.05,credit-g,hgb,crcc_p_l05,0.5568,0.0113,0.5463,0.0158,0.1947,0.0242,0.2065,0.054,0.071,0.0421
0.05,credit-g,hgb,crcc_p_l10,0.5568,0.0113,0.5463,0.0158,0.1947,0.0242,0.2065,0.054,0.071,0.0421
0.05,credit-g,hgb,global_top_loss,0.5349,0.005,0.4985,0.0116,0.104,0.0174,0.529,0.0489,0.471,0.0489
0.05,credit-g,hgb,no_cleaning,0.5442,0.0174,0.5169,0.0273,0.1307,0.0318,0.0,0.0,0.0,0.0
0.05,credit-g,hgb,oracle_deletion,0.561,0.0191,0.5412,0.0278,0.1573,0.0345,1.0,0.0,0.0,0.0
0.05,credit-g,hgb,random_deletion,0.5415,0.0223,0.5148,0.0347,0.1333,0.0442,0.1032,0.0924,0.0839,0.0368
0.05,credit-g,lr,class_proportional,0.5914,0.0277,0.5895,0.0381,0.24,0.0525,0.2903,0.0559,0.0516,0.0289
0.05,credit-g,lr,crcc_m,0.5909,0.0316,0.5882,0.044,0.24,0.0653,0.2194,0.062,0.0129,0.0177
0.05,credit-g,lr,crcc_p_l0,0.5914,0.0277,0.5895,0.0381,0.24,0.0525,0.2903,0.0559,0.0516,0.0289
0.05,credit-g,lr,crcc_p_l025,0.5914,0.0277,0.5895,0.0381,0.24,0.0525,0.2903,0.0559,0.0516,0.0289
0.05,credit-g,lr,crcc_p_l05,0.5914,0.0277,0.5895,0.0381,0.24,0.0525,0.2903,0.0559,0.0516,0.0289
0.05,credit-g,lr,crcc_p_l10,0.5914,0.0277,0.5895,0.0381,0.24,0.0525,0.2903,0.0559,0.0516,0.0289
0.05,credit-g,lr,global_top_loss,0.5663,0.0253,0.5476,0.0411,0.168,0.0623,0.6581,0.0872,0.3419,0.0872
0.05,credit-g,lr,no_cleaning,0.5291,0.0142,0.4775,0.0307,0.072,0.0384,0.0,0.0,0.0,0.0
0.05,credit-g,lr,oracle_deletion,0.5436,0.0269,0.5014,0.0513,0.0987,0.0601,1.0,0.0,0.0,0.0
0.05,credit-g,lr,random_deletion,0.536,0.0246,0.4899,0.0479,0.088,0.0586,0.1032,0.0924,0.0839,0.0368
0.05,ecoli,hgb,class_proportional,0.7727,0.1174,0.7709,0.098,0.6316,0.244,0.4545,0.1286,0.0364,0.0498
0.05,ecoli,hgb,crcc_m,0.7591,0.1011,0.7609,0.0884,0.6105,0.2025,0.4,0.1379,0.0182,0.0407
0.05,ecoli,hgb,crcc_p_l0,0.7727,0.1174,0.7709,0.098,0.6316,0.244,0.4545,0.1286,0.0364,0.0498
0.05,ecoli,hgb,crcc_p_l025,0.7727,0.1174,0.7709,0.098,0.6316,0.244,0.4545,0.1286,0.0364,0.0498
0.05,ecoli,hgb,crcc_p_l05,0.7727,0.1174,0.7709,0.098,0.6316,0.244,0.4545,0.1286,0.0364,0.0498
0.05,ecoli,hgb,crcc_p_l10,0.7727,0.1174,0.7709,0.098,0.6316,0.244,0.4545,0.1286,0.0364,0.0498
0.05,ecoli,hgb,global_top_loss,0.637,0.0961,0.6493,0.1082,0.3263,0.1912,0.7455,0.0761,0.2545,0.0761
0.05,ecoli,hgb,no_cleaning,0.6745,0.1196,0.6847,0.1225,0.4105,0.2452,0.0,0.0,0.0,0.0
0.05,ecoli,hgb,oracle_deletion,0.7596,0.1216,0.7743,0.1178,0.5684,0.2452,1.0,0.0,0.0,0.0
0.05,ecoli,hgb,random_deletion,0.6918,0.1253,0.699,0.1288,0.4421,0.2673,0.2364,0.122,0.1273,0.122
0.05,ecoli,lr,class_proportional,0.7794,0.079,0.8059,0.0663,0.5895,0.1761,0.6545,0.1626,0.0,0.0
0.05,ecoli,lr,crcc_m,0.7883,0.0808,0.812,0.0678,0.6105,0.1808,0.5818,0.1379,0.0,0.0
0.05,ecoli,lr,crcc_p_l0,0.7794,0.079,0.8059,0.0663,0.5895,0.1761,0.6545,0.1626,0.0,0.0
0.05,ecoli,lr,crcc_p_l025,0.7794,0.079,0.8059,0.0663,0.5895,0.1761,0.6545,0.1626,0.0,0.0
0.05,ecoli,lr,crcc_p_l05,0.7794,0.079,0.8059,0.0663,0.5895,0.1761,0.6545,0.1626,0.0,0.0
0.05,ecoli,lr,crcc_p_l10,0.7794,0.079,0.8059,0.0663,0.5895,0.1761,0.6545,0.1626,0.0,0.0
0.05,ecoli,lr,global_top_loss,0.6849,0.0837,0.7155,0.0987,0.3789,0.1722,0.9636,0.0498,0.0364,0.0498
0.05,ecoli,lr,no_cleaning,0.6353,0.0639,0.659,0.0821,0.2737,0.1257,0.0,0.0,0.0,0.0
0.05,ecoli,lr,oracle_deletion,0.7202,0.1121,0.7519,0.1207,0.4526,0.2189,1.0,0.0,0.0,0.0
0.05,ecoli,lr,random_deletion,0.6322,0.0597,0.6556,0.0746,0.2737,0.1141,0.2364,0.122,0.1273,0.122
0.05,phoneme,hgb,class_proportional,0.7384,0.0183,0.761,0.0197,0.532,0.0306,0.5048,0.0418,0.0155,0.0123
0.05,phoneme,hgb,crcc_m,0.7443,0.0184,0.7663,0.0198,0.5467,0.0295,0.444,0.0499,0.0083,0.008
0.05,phoneme,hgb,crcc_p_l0,0.7384,0.0183,0.761,0.0197,0.532,0.0306,0.5048,0.0418,0.0155,0.0123
0.05,phoneme,hgb,crcc_p_l025,0.7384,0.0183,0.761,0.0197,0.532,0.0306,0.5048,0.0418,0.0155,0.0123
0.05,phoneme,hgb,crcc_p_l05,0.7384,0.0183,0.761,0.0197,0.532,0.0306,0.5048,0.0418,0.0155,0.0123
0.05,phoneme,hgb,crcc_p_l10,0.7384,0.0183,0.761,0.0197,0.532,0.0306,0.5048,0.0418,0.0155,0.0123
0.05,phoneme,hgb,global_top_loss,0.6787,0.0106,0.7015,0.0128,0.3868,0.0185,0.8167,0.0195,0.1798,0.0232
0.05,phoneme,hgb,no_cleaning,0.6762,0.009,0.6985,0.0109,0.3812,0.017,0.0,0.0,0.0,0.0
0.05,phoneme,hgb,oracle_deletion,0.7086,0.014,0.7359,0.016,0.4433,0.0267,1.0,0.0,0.0,0.0
0.05,phoneme,hgb,random_deletion,0.6802,0.0139,0.7031,0.0165,0.3888,0.0285,0.1131,0.0073,0.0964,0.0106
0.05,phoneme,lr,class_proportional,0.5756,0.0109,0.5662,0.0174,0.1916,0.0281,0.3214,0.0174,0.0107,0.0114
0.05,phoneme,lr,crcc_m,0.576,0.0092,0.5671,0.0149,0.1931,0.0259,0.2452,0.0165,0.0071,0.0078
0.05,phoneme,lr,crcc_p_l0,0.5756,0.0109,0.5662,0.0174,0.1916,0.0281,0.3214,0.0174,0.0107,0.0114
0.05,phoneme,lr,crcc_p_l025,0.5756,0.0109,0.5662,0.0174,0.1916,0.0281,0.3214,0.0174,0.0107,0.0114
0.05,phoneme,lr,crcc_p_l05,0.5756,0.0109,0.5662,0.0174,0.1916,0.0281,0.3214,0.0174,0.0107,0.0114
0.05,phoneme,lr,crcc_p_l10,0.5756,0.0109,0.5662,0.0174,0.1916,0.0281,0.3214,0.0174,0.0107,0.0114
0.05,phoneme,lr,global_top_loss,0.5298,0.0073,0.48,0.0163,0.0701,0.0204,0.831,0.043,0.169,0.043
0.05,phoneme,lr,no_cleaning,0.503,0.0038,0.4204,0.0082,0.0061,0.0077,0.0,0.0,0.0,0.0
0.05,phoneme,lr,oracle_deletion,0.5131,0.01,0.4411,0.0204,0.0262,0.0199,1.0,0.0,0.0,0.0
0.05,phoneme,lr,random_deletion,0.503,0.0038,0.4204,0.0082,0.0061,0.0077,0.1131,0.0073,0.0964,0.0106
0.05,pima,hgb,class_proportional,0.606,0.0322,0.6048,0.0378,0.3224,0.0638,0.2909,0.0407,0.0364,0.0203
0.05,pima,hgb,crcc_m,0.6211,0.0369,0.6224,0.0435,0.3463,0.0719,0.2182,0.0498,0.0,0.0
0.05,pima,hgb,crcc_p_l0,0.606,0.0322,0.6048,0.0378,0.3224,0.0638,0.2909,0.0407,0.0364,0.0203
0.05,pima,hgb,crcc_p_l025,0.606,0.0322,0.6048,0.0378,0.3224,0.0638,0.2909,0.0407,0.0364,0.0203
0.05,pima,hgb,crcc_p_l05,0.606,0.0322,0.6048,0.0378,0.3224,0.0638,0.2909,0.0407,0.0364,0.0203
0.05,pima,hgb,crcc_p_l10,0.606,0.0322,0.6048,0.0378,0.3224,0.0638,0.2909,0.0407,0.0364,0.0203
0.05,pima,hgb,global_top_loss,0.5589,0.0282,0.5274,0.041,0.1642,0.0506,0.6182,0.0943,0.3818,0.0943
0.05,pima,hgb,no_cleaning,0.5597,0.0336,0.5346,0.0475,0.1851,0.0584,0.0,0.0,0.0,0.0
0.05,pima,hgb,oracle_deletion,0.577,0.0355,0.5585,0.0483,0.2179,0.072,1.0,0.0,0.0,0.0
0.05,pima,hgb,random_deletion,0.5561,0.0111,0.5293,0.0169,0.1761,0.0245,0.1273,0.0874,0.1182,0.0943
0.05,pima,lr,class_proportional,0.6501,0.0377,0.6559,0.0448,0.3642,0.0638,0.3727,0.0593,0.0364,0.038
0.05,pima,lr,crcc_m,0.6532,0.0329,0.6601,0.0388,0.3672,0.0455,0.3273,0.038,0.0091,0.0203
0.05,pima,lr,crcc_p_l0,0.6501,0.0377,0.6559,0.0448,0.3642,0.0638,0.3727,0.0593,0.0364,0.038
0.05,pima,lr,crcc_p_l025,0.6501,0.0377,0.6559,0.0448,0.3642,0.0638,0.3727,0.0593,0.0364,0.038
0.05,pima,lr,crcc_p_l05,0.6501,0.0377,0.6559,0.0448,0.3642,0.0638,0.3727,0.0593,0.0364,0.038
0.05,pima,lr,crcc_p_l10,0.6501,0.0377,0.6559,0.0448,0.3642,0.0638,0.3727,0.0593,0.0364,0.038
0.05,pima,lr,global_top_loss,0.5829,0.0433,0.5541,0.0668,0.1851,0.0868,0.7273,0.0643,0.2636,0.0674
0.05,pima,lr,no_cleaning,0.5385,0.0203,0.4769,0.0352,0.0866,0.0386,0.0,0.0,0.0,0.0
0.05,pima,lr,oracle_deletion,0.5443,0.0218,0.4893,0.0361,0.1015,0.04,1.0,0.0,0.0,0.0
0.05,pima,lr,random_deletion,0.5526,0.0204,0.5034,0.0325,0.1164,0.0356,0.1273,0.0874,0.1182,0.0943
0.05,yeast,hgb,class_proportional,0.6757,0.0176,0.6911,0.0152,0.423,0.0424,0.3855,0.0488,0.0364,0.0129
0.05,yeast,hgb,crcc_m,0.6868,0.0281,0.7024,0.0259,0.4426,0.0591,0.3309,0.0488,0.0073,0.01
0.05,yeast,hgb,crcc_p_l0,0.6757,0.0176,0.6911,0.0152,0.423,0.0424,0.3855,0.0488,0.0364,0.0129
0.05,yeast,hgb,crcc_p_l025,0.6757,0.0176,0.6911,0.0152,0.423,0.0424,0.3855,0.0488,0.0364,0.0129
0.05,yeast,hgb,crcc_p_l05,0.6757,0.0176,0.6911,0.0152,0.423,0.0424,0.3855,0.0488,0.0364,0.0129
0.05,yeast,hgb,crcc_p_l10,0.6757,0.0176,0.6911,0.0152,0.423,0.0424,0.3855,0.0488,0.0364,0.0129
0.05,yeast,hgb,global_top_loss,0.6239,0.0254,0.6506,0.0313,0.2852,0.0472,0.7309,0.0237,0.2655,0.0244
0.05,yeast,hgb,no_cleaning,0.6181,0.0268,0.6407,0.0313,0.282,0.0536,0.0,0.0,0.0,0.0
0.05,yeast,hgb,oracle_deletion,0.6416,0.031,0.6684,0.0327,0.3246,0.069,1.0,0.0,0.0,0.0
0.05,yeast,hgb,random_deletion,0.624,0.0158,0.6478,0.0194,0.2951,0.0284,0.1564,0.0699,0.0836,0.033
0.05,yeast,lr,class_proportional,0.6947,0.0172,0.7319,0.0192,0.4197,0.0359,0.5127,0.027,0.0145,0.0152
0.05,yeast,lr,crcc_m,0.7003,0.0153,0.7364,0.0175,0.4328,0.032,0.4364,0.0287,0.0109,0.0163
0.05,yeast,lr,crcc_p_l0,0.6947,0.0172,0.7319,0.0192,0.4197,0.0359,0.5127,0.027,0.0145,0.0152
0.05,yeast,lr,crcc_p_l025,0.6947,0.0172,0.7319,0.0192,0.4197,0.0359,0.5127,0.027,0.0145,0.0152
0.05,yeast,lr,crcc_p_l05,0.6947,0.0172,0.7319,0.0192,0.4197,0.0359,0.5127,0.027,0.0145,0.0152
0.05,yeast,lr,crcc_p_l10,0.6947,0.0172,0.7319,0.0192,0.4197,0.0359,0.5127,0.027,0.0145,0.0152
0.05,yeast,lr,global_top_loss,0.6034,0.0164,0.6319,0.0234,0.2197,0.0298,0.8,0.0498,0.1964,0.0453
0.05,yeast,lr,no_cleaning,0.5443,0.0125,0.5412,0.0225,0.0951,0.0269,0.0,0.0,0.0,0.0
0.05,yeast,lr,oracle_deletion,0.5729,0.0231,0.5871,0.0356,0.1574,0.0472,1.0,0.0,0.0,0.0
0.05,yeast,lr,random_deletion,0.5456,0.0145,0.5435,0.0256,0.0984,0.0307,0.1564,0.0699,0.0836,0.033
0.1,credit-g,hgb,class_proportional,0.591,0.0368,0.5921,0.0448,0.2827,0.0768,0.2032,0.0421,0.0677,0.0368
0.1,credit-g,hgb,crcc_m,0.6025,0.0442,0.6067,0.0527,0.3147,0.0809,0.1581,0.0368,0.0323,0.0198
0.1,credit-g,hgb,crcc_p_l0,0.591,0.0368,0.5921,0.0448,0.2827,0.0768,0.2032,0.0421,0.0677,0.0368
0.1,credit-g,hgb,crcc_p_l025,0.591,0.0368,0.5921,0.0448,0.2827,0.0768,0.2032,0.0421,0.0677,0.0368
0.1,credit-g,hgb,crcc_p_l05,0.591,0.0368,0.5921,0.0448,0.2827,0.0768,0.2032,0.0421,0.0677,0.0368
0.1,credit-g,hgb,crcc_p_l10,0.591,0.0368,0.5921,0.0448,0.2827,0.0768,0.2032,0.0421,0.0677,0.0368
0.1,credit-g,hgb,global_top_loss,0.5206,0.0159,0.4719,0.0262,0.072,0.0292,0.4806,0.0502,0.5,0.0456
0.1,credit-g,hgb,no_cleaning,0.5442,0.0174,0.5169,0.0273,0.1307,0.0318,0.0,0.0,0.0,0.0
0.1,credit-g,hgb,oracle_deletion,0.5617,0.0153,0.543,0.0216,0.16,0.0249,1.0,0.0,0.0,0.0
0.1,credit-g,hgb,random_deletion,0.5467,0.0199,0.5225,0.0292,0.1413,0.0372,0.1226,0.0436,0.0839,0.031
0.1,credit-g,lr,class_proportional,0.6246,0.027,0.6327,0.0308,0.352,0.0586,0.2613,0.021,0.0516,0.0289
0.1,credit-g,lr,crcc_m,0.6246,0.0218,0.6326,0.0253,0.352,0.0563,0.2065,0.0331,0.0226,0.0088
0.1,credit-g,lr,crcc_p_l0,0.6246,0.027,0.6327,0.0308,0.352,0.0586,0.2613,0.021,0.0516,0.0289
0.1,credit-g,lr,crcc_p_l025,0.6246,0.027,0.6327,0.0308,0.352,0.0586,0.2613,0.021,0.0516,0.0289
0.1,credit-g,lr,crcc_p_l05,0.6246,0.027,0.6327,0.0308,0.352,0.0586,0.2613,0.021,0.0516,0.0289
0.1,credit-g,lr,crcc_p_l10,0.6246,0.027,0.6327,0.0308,0.352,0.0586,0.2613,0.021,0.0516,0.0289
0.1,credit-g,lr,global_top_loss,0.5608,0.0172,0.5395,0.0292,0.1547,0.0428,0.5613,0.0552,0.4387,0.0552
0.1,credit-g,lr,no_cleaning,0.5291,0.0142,0.4775,0.0307,0.072,0.0384,0.0,0.0,0.0,0.0
0.1,credit-g,lr,oracle_deletion,0.5606,0.0252,0.533,0.0436,0.136,0.0511,1.0,0.0,0.0,0.0
0.1,credit-g,lr,random_deletion,0.5455,0.0211,0.5086,0.0383,0.1093,0.0502,0.1226,0.0436,0.0839,0.031
0.1,ecoli,hgb,class_proportional,0.7703,0.1082,0.7652,0.0869,0.6421,0.2245,0.3304,0.0728,0.0348,0.0194
0.1,ecoli,hgb,crcc_m,0.7514,0.1472,0.7422,0.1281,0.6105,0.2897,0.2609,0.0532,0.0174,0.0238
0.1,ecoli,hgb,crcc_p_l0,0.7703,0.1082,0.7652,0.0869,0.6421,0.2245,0.3304,0.0728,0.0348,0.0194
0.1,ecoli,hgb,crcc_p_l025,0.7703,0.1082,0.7652,0.0869,0.6421,0.2245,0.3304,0.0728,0.0348,0.0194
0.1,ecoli,hgb,crcc_p_l05,0.7703,0.1082,0.7652,0.0869,0.6421,0.2245,0.3304,0.0728,0.0348,0.0194
0.1,ecoli,hgb,crcc_p_l10,0.7703,0.1082,0.7652,0.0869,0.6421,0.2245,0.3304,0.0728,0.0348,0.0194
0.1,ecoli,hgb,global_top_loss,0.7326,0.0968,0.7565,0.1044,0.5053,0.1883,0.6783,0.0659,0.2609,0.0435
0.1,ecoli,hgb,no_cleaning,0.6745,0.1196,0.6847,0.1225,0.4105,0.2452,0.0,0.0,0.0,0.0
0.1,ecoli,hgb,oracle_deletion,0.7769,0.0932,0.7967,0.0843,0.6,0.1846,1.0,0.0,0.0,0.0
0.1,ecoli,hgb,random_deletion,0.6881,0.114,0.7023,0.1243,0.4316,0.2276,0.087,0.0435,0.1043,0.1134
0.1,ecoli,lr,class_proportional,0.8216,0.0559,0.82,0.0534,0.7263,0.1141,0.487,0.1167,0.0,0.0
0.1,ecoli,lr,crcc_m,0.8216,0.0392,0.8199,0.0336,0.7263,0.0942,0.4,0.1083,0.0,0.0
0.1,ecoli,lr,crcc_p_l0,0.8216,0.0559,0.82,0.0534,0.7263,0.1141,0.487,0.1167,0.0,0.0
0.1,ecoli,lr,crcc_p_l025,0.8216,0.0559,0.82,0.0534,0.7263,0.1141,0.487,0.1167,0.0,0.0
0.1,ecoli,lr,crcc_p_l05,0.8216,0.0559,0.82,0.0534,0.7263,0.1141,0.487,0.1167,0.0,0.0
0.1,ecoli,lr,crcc_p_l10,0.8216,0.0559,0.82,0.0534,0.7263,0.1141,0.487,0.1167,0.0,0.0
0.1,ecoli,lr,global_top_loss,0.6632,0.0754,0.6942,0.088,0.3263,0.1507,0.7652,0.1091,0.2348,0.1091
0.1,ecoli,lr,no_cleaning,0.6353,0.0639,0.659,0.0821,0.2737,0.1257,0.0,0.0,0.0,0.0
0.1,ecoli,lr,oracle_deletion,0.8171,0.0754,0.8483,0.0687,0.6526,0.147,1.0,0.0,0.0,0.0
0.1,ecoli,lr,random_deletion,0.6579,0.1085,0.679,0.1337,0.3158,0.217,0.087,0.0435,0.1043,0.1134
0.1,phoneme,hgb,class_proportional,0.7771,0.014,0.7931,0.0151,0.6273,0.0206,0.4142,0.0313,0.0237,0.0047
0.1,phoneme,hgb,crcc_m,0.7794,0.0197,0.7936,0.0203,0.6374,0.0301,0.346,0.0304,0.0077,0.0062
0.1,phoneme,hgb,crcc_p_l0,0.7771,0.014,0.7931,0.0151,0.6273,0.0206,0.4142,0.0313,0.0237,0.0047
0.1,phoneme,hgb,crcc_p_l025,0.7771,0.014,0.7931,0.0151,0.6273,0.0206,0.4142,0.0313,0.0237,0.0047
0.1,phoneme,hgb,crcc_p_l05,0.7771,0.014,0.7931,0.0151,0.6273,0.0206,0.4142,0.0313,0.0237,0.0047
0.1,phoneme,hgb,crcc_p_l10,0.7771,0.014,0.7931,0.0151,0.6273,0.0206,0.4142,0.0313,0.0237,0.0047
0.1,phoneme,hgb,global_top_loss,0.6614,0.0163,0.6812,0.0205,0.3439,0.0265,0.6914,0.0322,0.2878,0.0293
0.1,phoneme,hgb,no_cleaning,0.6762,0.009,0.6985,0.0109,0.3812,0.017,0.0,0.0,0.0,0.0
0.1,phoneme,hgb,oracle_deletion,0.7418,0.0101,0.7707,0.0113,0.5124,0.0186,1.0,0.0,0.0,0.0
0.1,phoneme,hgb,random_deletion,0.6884,0.0167,0.7123,0.019,0.407,0.0352,0.1228,0.0169,0.1068,0.0219
0.1,phoneme,lr,class_proportional,0.6434,0.0152,0.6547,0.0161,0.3898,0.0367,0.3074,0.0104,0.0119,0.007
0.1,phoneme,lr,crcc_m,0.6575,0.0197,0.669,0.0207,0.4266,0.0407,0.2291,0.0163,0.0053,0.0057
0.1,phoneme,lr,crcc_p_l0,0.6434,0.0152,0.6547,0.0161,0.3898,0.0367,0.3074,0.0104,0.0119,0.007
0.1,phoneme,lr,crcc_p_l025,0.6434,0.0152,0.6547,0.0161,0.3898,0.0367,0.3074,0.0104,0.0119,0.007
0.1,phoneme,lr,crcc_p_l05,0.6434,0.0152,0.6547,0.0161,0.3898,0.0367,0.3074,0.0104,0.0119,0.007
0.1,phoneme,lr,crcc_p_l10,0.6434,0.0152,0.6547,0.0161,0.3898,0.0367,0.3074,0.0104,0.0119,0.007
0.1,phoneme,lr,global_top_loss,0.541,0.0086,0.5027,0.0144,0.0968,0.0163,0.6463,0.0487,0.3537,0.0487
0.1,phoneme,lr,no_cleaning,0.503,0.0038,0.4204,0.0082,0.0061,0.0077,0.0,0.0,0.0,0.0
0.1,phoneme,lr,oracle_deletion,0.5282,0.0101,0.4723,0.0208,0.0585,0.0223,1.0,0.0,0.0,0.0
0.1,phoneme,lr,random_deletion,0.5018,0.0019,0.4177,0.0042,0.0035,0.0038,0.1228,0.0169,0.1068,0.0219
0.1,pima,hgb,class_proportional,0.6158,0.0296,0.6183,0.0331,0.3612,0.0499,0.2591,0.0471,0.0364,0.0345
0.1,pima,hgb,crcc_m,0.6246,0.0375,0.6279,0.041,0.3821,0.072,0.1773,0.0373,0.0136,0.0124
0.1,pima,hgb,crcc_p_l0,0.6158,0.0296,0.6183,0.0331,0.3612,0.0499,0.2591,0.0471,0.0364,0.0345
0.1,pima,hgb,crcc_p_l025,0.6158,0.0296,0.6183,0.0331,0.3612,0.0499,0.2591,0.0471,0.0364,0.0345
0.1,pima,hgb,crcc_p_l05,0.6158,0.0296,0.6183,0.0331,0.3612,0.0499,0.2591,0.0471,0.0364,0.0345
0.1,pima,hgb,crcc_p_l10,0.6158,0.0296,0.6183,0.0331,0.3612,0.0499,0.2591,0.0471,0.0364,0.0345
0.1,pima,hgb,global_top_loss,0.5525,0.0291,0.513,0.0431,0.1403,0.0523,0.55,0.0566,0.4227,0.0635
0.1,pima,hgb,no_cleaning,0.5597,0.0336,0.5346,0.0475,0.1851,0.0584,0.0,0.0,0.0,0.0
0.1,pima,hgb,oracle_deletion,0.5747,0.0318,0.5502,0.0451,0.191,0.0572,1.0,0.0,0.0,0.0
0.1,pima,hgb,random_deletion,0.5483,0.0312,0.5195,0.0449,0.1701,0.0593,0.1273,0.0259,0.1136,0.0321
0.1,pima,lr,class_proportional,0.6993,0.0426,0.7101,0.0461,0.5075,0.0568,0.3364,0.0337,0.0364,0.038
0.1,pima,lr,crcc_m,0.7037,0.0411,0.7142,0.0439,0.5194,0.0591,0.2636,0.0443,0.0182,0.019
0.1,pima,lr,crcc_p_l0,0.6993,0.0426,0.7101,0.0461,0.5075,0.0568,0.3364,0.0337,0.0364,0.038
0.1,pima,lr,crcc_p_l025,0.6993,0.0426,0.7101,0.0461,0.5075,0.0568,0.3364,0.0337,0.0364,0.038
0.1,pima,lr,crcc_p_l05,0.6993,0.0426,0.7101,0.0461,0.5075,0.0568,0.3364,0.0337,0.0364,0.038
0.1,pima,lr,crcc_p_l10,0.6993,0.0426,0.7101,0.0461,0.5075,0.0568,0.3364,0.0337,0.0364,0.038
0.1,pima,lr,global_top_loss,0.5664,0.0385,0.5284,0.0628,0.1552,0.0828,0.6273,0.0614,0.3682,0.0588
0.1,pima,lr,no_cleaning,0.5385,0.0203,0.4769,0.0352,0.0866,0.0386,0.0,0.0,0.0,0.0
0.1,pima,lr,oracle_deletion,0.5569,0.0249,0.5129,0.0401,0.1313,0.0488,1.0,0.0,0.0,0.0
0.1,pima,lr,random_deletion,0.537,0.0194,0.4744,0.0327,0.0836,0.0344,0.1273,0.0259,0.1136,0.0321
0.1,yeast,hgb,class_proportional,0.7085,0.0169,0.7192,0.0112,0.4918,0.0402,0.3523,0.0353,0.033,0.0221
0.1,yeast,hgb,crcc_m,0.6949,0.0256,0.6982,0.0206,0.482,0.0551,0.2679,0.0271,0.0183,0.0065
0.1,yeast,hgb,crcc_p_l0,0.7085,0.0169,0.7192,0.0112,0.4918,0.0402,0.3523,0.0353,0.033,0.0221
0.1,yeast,hgb,crcc_p_l025,0.7085,0.0169,0.7192,0.0112,0.4918,0.0402,0.3523,0.0353,0.033,0.0221
0.1,yeast,hgb,crcc_p_l05,0.7085,0.0169,0.7192,0.0112,0.4918,0.0402,0.3523,0.0353,0.033,0.0221
0.1,yeast,hgb,crcc_p_l10,0.7085,0.0169,0.7192,0.0112,0.4918,0.0402,0.3523,0.0353,0.033,0.0221
0.1,yeast,hgb,global_top_loss,0.63,0.0383,0.6619,0.0447,0.282,0.0781,0.6624,0.0237,0.3156,0.0382
0.1,yeast,hgb,no_cleaning,0.6181,0.0268,0.6407,0.0313,0.282,0.0536,0.0,0.0,0.0,0.0
0.1,yeast,hgb,oracle_deletion,0.6764,0.0377,0.7085,0.0425,0.3902,0.0699,1.0,0.0,0.0,0.0
0.1,yeast,hgb,random_deletion,0.6351,0.0285,0.6594,0.0316,0.318,0.0563,0.145,0.0407,0.1028,0.0364
0.1,yeast,lr,class_proportional,0.7438,0.0176,0.7527,0.0154,0.5574,0.0478,0.4183,0.0571,0.033,0.0221
0.1,yeast,lr,crcc_m,0.7448,0.0194,0.7528,0.0188,0.5607,0.0511,0.3578,0.0454,0.0073,0.0077
0.1,yeast,lr,crcc_p_l0,0.7438,0.0176,0.7527,0.0154,0.5574,0.0478,0.4183,0.0571,0.033,0.0221
0.1,yeast,lr,crcc_p_l025,0.7438,0.0176,0.7527,0.0154,0.5574,0.0478,0.4183,0.0571,0.033,0.0221
0.1,yeast,lr,crcc_p_l05,0.7438,0.0176,0.7527,0.0154,0.5574,0.0478,0.4183,0.0571,0.033,0.0221
0.1,yeast,lr,crcc_p_l10,0.7438,0.0176,0.7527,0.0154,0.5574,0.0478,0.4183,0.0571,0.033,0.0221
0.1,yeast,lr,global_top_loss,0.6044,0.0178,0.6327,0.025,0.223,0.034,0.7119,0.0408,0.2826,0.0456
0.1,yeast,lr,no_cleaning,0.5443,0.0125,0.5412,0.0225,0.0951,0.0269,0.0,0.0,0.0,0.0
0.1,yeast,lr,oracle_deletion,0.6001,0.0196,0.627,0.028,0.2131,0.0384,1.0,0.0,0.0,0.0
0.1,yeast,lr,random_deletion,0.5509,0.0114,0.5524,0.019,0.1082,0.0249,0.145,0.0407,0.1028,0.0364
0.15,credit-g,hgb,class_proportional,0.5996,0.022,0.604,0.0265,0.3067,0.0452,0.2086,0.0478,0.0688,0.028
0.15,credit-g,hgb,crcc_m,0.6109,0.0371,0.6174,0.0422,0.352,0.0555,0.1548,0.0248,0.0258,0.0163
0.15,credit-g,hgb,crcc_p_l0,0.5996,0.022,0.604,0.0265,0.3067,0.0452,0.2086,0.0478,0.0688,0.028
0.15,credit-g,hgb,crcc_p_l025,0.5996,0.022,0.604,0.0265,0.3067,0.0452,0.2086,0.0478,0.0688,0.028
0.15,credit-g,hgb,crcc_p_l05,0.5996,0.022,0.604,0.0265,0.3067,0.0452,0.2086,0.0478,0.0688,0.028
0.15,credit-g,hgb,crcc_p_l10,0.5996,0.022,0.604,0.0265,0.3067,0.0452,0.2086,0.0478,0.0688,0.028
0.15,credit-g,hgb,global_top_loss,0.5213,0.0115,0.4648,0.0244,0.0587,0.0292,0.443,0.0512,0.4774,0.0562
0.15,credit-g,hgb,no_cleaning,0.5442,0.0174,0.5169,0.0273,0.1307,0.0318,0.0,0.0,0.0,0.0
0.15,credit-g,hgb,oracle_deletion,0.572,0.0179,0.5575,0.0247,0.176,0.0304,1.0,0.0,0.0,0.0
0.15,credit-g,hgb,random_deletion,0.5394,0.0206,0.5142,0.0307,0.136,0.0382,0.1269,0.014,0.0968,0.034
0.15,credit-g,lr,class_proportional,0.637,0.0189,0.644,0.0192,0.4213,0.0468,0.2516,0.0223,0.0452,0.0192
0.15,credit-g,lr,crcc_m,0.6467,0.018,0.653,0.0191,0.4533,0.0327,0.1892,0.0259,0.0215,0.0076
0.15,credit-g,lr,crcc_p_l0,0.637,0.0189,0.644,0.0192,0.4213,0.0468,0.2516,0.0223,0.0452,0.0192
0.15,credit-g,lr,crcc_p_l025,0.637,0.0189,0.644,0.0192,0.4213,0.0468,0.2516,0.0223,0.0452,0.0192
0.15,credit-g,lr,crcc_p_l05,0.637,0.0189,0.644,0.0192,0.4213,0.0468,0.2516,0.0223,0.0452,0.0192
0.15,credit-g,lr,crcc_p_l10,0.637,0.0189,0.644,0.0192,0.4213,0.0468,0.2516,0.0223,0.0452,0.0192
0.15,credit-g,lr,global_top_loss,0.5227,0.0196,0.4675,0.0337,0.0613,0.036,0.4731,0.0594,0.5183,0.0556
0.15,credit-g,lr,no_cleaning,0.5291,0.0142,0.4775,0.0307,0.072,0.0384,0.0,0.0,0.0,0.0
0.15,credit-g,lr,oracle_deletion,0.5756,0.0272,0.5584,0.0436,0.1707,0.0584,1.0,0.0,0.0,0.0
0.15,credit-g,lr,random_deletion,0.535,0.0208,0.4872,0.0412,0.0827,0.0494,0.1269,0.014,0.0968,0.034
0.15,ecoli,hgb,class_proportional,0.7589,0.1291,0.7461,0.1054,0.6316,0.2709,0.3059,0.0534,0.0353,0.0246
0.15,ecoli,hgb,crcc_m,0.7639,0.1198,0.7442,0.0963,0.6632,0.2485,0.2412,0.0638,0.0176,0.0161
0.15,ecoli,hgb,crcc_p_l0,0.7589,0.1291,0.7461,0.1054,0.6316,0.2709,0.3059,0.0534,0.0353,0.0246
0.15,ecoli,hgb,crcc_p_l025,0.7589,0.1291,0.7461,0.1054,0.6316,0.2709,0.3059,0.0534,0.0353,0.0246
0.15,ecoli,hgb,crcc_p_l05,0.7589,0.1291,0.7461,0.1054,0.6316,0.2709,0.3059,0.0534,0.0353,0.0246
0.15,ecoli,hgb,crcc_p_l10,0.7589,0.1291,0.7461,0.1054,0.6316,0.2709,0.3059,0.0534,0.0353,0.0246
0.15,ecoli,hgb,global_top_loss,0.7004,0.0893,0.728,0.1045,0.4316,0.1722,0.5824,0.0732,0.3,0.0638
0.15,ecoli,hgb,no_cleaning,0.6745,0.1196,0.6847,0.1225,0.4105,0.2452,0.0,0.0,0.0,0.0
0.15,ecoli,hgb,oracle_deletion,0.8063,0.0816,0.8275,0.0761,0.6526,0.1516,1.0,0.0,0.0,0.0
0.15,ecoli,hgb,random_deletion,0.6602,0.0924,0.6781,0.1029,0.3789,0.1722,0.1471,0.075,0.1059,0.0738
0.15,ecoli,lr,class_proportional,0.8347,0.0515,0.8112,0.0417,0.7895,0.1234,0.4118,0.0588,0.0059,0.0132
0.15,ecoli,lr,crcc_m,0.8354,0.0373,0.8078,0.0311,0.8,0.1012,0.3235,0.069,0.0,0.0
0.15,ecoli,lr,crcc_p_l0,0.8347,0.0515,0.8112,0.0417,0.7895,0.1234,0.4118,0.0588,0.0059,0.0132
0.15,ecoli,lr,crcc_p_l025,0.8347,0.0515,0.8112,0.0417,0.7895,0.1234,0.4118,0.0588,0.0059,0.0132
0.15,ecoli,lr,crcc_p_l05,0.8347,0.0515,0.8112,0.0417,0.7895,0.1234,0.4118,0.0588,0.0059,0.0132
0.15,ecoli,lr,crcc_p_l10,0.8347,0.0515,0.8112,0.0417,0.7895,0.1234,0.4118,0.0588,0.0059,0.0132
0.15,ecoli,lr,global_top_loss,0.6474,0.0711,0.6734,0.0962,0.2947,0.1422,0.6059,0.0944,0.3882,0.0962
0.15,ecoli,lr,no_cleaning,0.6353,0.0639,0.659,0.0821,0.2737,0.1257,0.0,0.0,0.0,0.0
0.15,ecoli,lr,oracle_deletion,0.8035,0.0708,0.8322,0.0592,0.6316,0.1534,1.0,0.0,0.0,0.0
0.15,ecoli,lr,random_deletion,0.6406,0.0646,0.6659,0.0847,0.2842,0.1268,0.1471,0.075,0.1059,0.0738
0.15,phoneme,hgb,class_proportional,0.7939,0.0161,0.8035,0.0156,0.6758,0.027,0.3513,0.0172,0.0293,0.0066
0.15,phoneme,hgb,crcc_m,0.7978,0.0143,0.8028,0.0141,0.6974,0.0267,0.2812,0.0131,0.0103,0.0045
0.15,phoneme,hgb,crcc_p_l0,0.7939,0.0161,0.8035,0.0156,0.6758,0.027,0.3513,0.0172,0.0293,0.0066
0.15,phoneme,hgb,crcc_p_l025,0.7939,0.0161,0.8035,0.0156,0.6758,0.027,0.3513,0.0172,0.0293,0.0066
0.15,phoneme,hgb,crcc_p_l05,0.7939,0.0161,0.8035,0.0156,0.6758,0.027,0.3513,0.0172,0.0293,0.0066
0.15,phoneme,hgb,crcc_p_l10,0.7939,0.0161,0.8035,0.0156,0.6758,0.027,0.3513,0.0172,0.0293,0.0066
0.15,phoneme,hgb,global_top_loss,0.6534,0.0171,0.671,0.0226,0.3207,0.0356,0.577,0.0315,0.3481,0.0268
0.15,phoneme,hgb,no_cleaning,0.6762,0.009,0.6985,0.0109,0.3812,0.017,0.0,0.0,0.0,0.0
0.15,phoneme,hgb,oracle_deletion,0.7535,0.0113,0.7833,0.0124,0.533,0.0201,1.0,0.0,0.0,0.0
0.15,phoneme,hgb,random_deletion,0.6703,0.0157,0.6913,0.0189,0.3717,0.0297,0.1291,0.0047,0.105,0.0112
0.15,phoneme,lr,class_proportional,0.7214,0.0176,0.7264,0.0175,0.5829,0.0301,0.3046,0.0094,0.0139,0.0042
0.15,phoneme,lr,crcc_m,0.7336,0.0161,0.7357,0.0156,0.6142,0.0264,0.2384,0.0064,0.0059,0.004
0.15,phoneme,lr,crcc_p_l0,0.7214,0.0176,0.7264,0.0175,0.5829,0.0301,0.3046,0.0094,0.0139,0.0042
0.15,phoneme,lr,crcc_p_l025,0.7214,0.0176,0.7264,0.0175,0.5829,0.0301,0.3046,0.0094,0.0139,0.0042
0.15,phoneme,lr,crcc_p_l05,0.7214,0.0176,0.7264,0.0175,0.5829,0.0301,0.3046,0.0094,0.0139,0.0042
0.15,phoneme,lr,crcc_p_l10,0.7214,0.0176,0.7264,0.0175,0.5829,0.0301,0.3046,0.0094,0.0139,0.0042
0.15,phoneme,lr,global_top_loss,0.5414,0.0043,0.4982,0.0076,0.0862,0.0084,0.495,0.036,0.505,0.036
0.15,phoneme,lr,no_cleaning,0.503,0.0038,0.4204,0.0082,0.0061,0.0077,0.0,0.0,0.0,0.0
0.15,phoneme,lr,oracle_deletion,0.5366,0.003,0.4908,0.0065,0.0797,0.0084,1.0,0.0,0.0,0.0
0.15,phoneme,lr,random_deletion,0.5023,0.0027,0.4188,0.0058,0.0045,0.0055,0.1291,0.0047,0.105,0.0112
0.15,pima,hgb,class_proportional,0.6361,0.0506,0.6412,0.0568,0.397,0.0751,0.2424,0.0467,0.0545,0.0275
0.15,pima,hgb,crcc_m,0.6431,0.0434,0.6484,0.0459,0.4478,0.0676,0.1879,0.0365,0.0152,0.0107
0.15,pima,hgb,crcc_p_l0,0.6361,0.0506,0.6412,0.0568,0.397,0.0751,0.2424,0.0467,0.0545,0.0275
0.15,pima,hgb,crcc_p_l025,0.6361,0.0506,0.6412,0.0568,0.397,0.0751,0.2424,0.0467,0.0545,0.0275
0.15,pima,hgb,crcc_p_l05,0.6361,0.0506,0.6412,0.0568,0.397,0.0751,0.2424,0.0467,0.0545,0.0275
0.15,pima,hgb,crcc_p_l10,0.6361,0.0506,0.6412,0.0568,0.397,0.0751,0.2424,0.0467,0.0545,0.0275
0.15,pima,hgb,global_top_loss,0.5462,0.0435,0.4968,0.0655,0.1164,0.0734,0.503,0.0434,0.4242,0.0546
0.15,pima,hgb,no_cleaning,0.5597,0.0336,0.5346,0.0475,0.1851,0.0584,0.0,0.0,0.0,0.0
0.15,pima,hgb,oracle_deletion,0.6104,0.0337,0.6033,0.0435,0.2657,0.0488,1.0,0.0,0.0,0.0
0.15,pima,hgb,random_deletion,0.5596,0.0413,0.533,0.0626,0.1881,0.0887,0.1242,0.0496,0.1,0.0583
0.15,pima,lr,class_proportional,0.7248,0.0284,0.7307,0.03,0.6,0.0386,0.303,0.0214,0.0333,0.0271
0.15,pima,lr,crcc_m,0.7275,0.0345,0.7318,0.0353,0.6149,0.0488,0.2242,0.0225,0.0152,0.0152
0.15,pima,lr,crcc_p_l0,0.7248,0.0284,0.7307,0.03,0.6,0.0386,0.303,0.0214,0.0333,0.0271
0.15,pima,lr,crcc_p_l025,0.7248,0.0284,0.7307,0.03,0.6,0.0386,0.303,0.0214,0.0333,0.0271
0.15,pima,lr,crcc_p_l05,0.7248,0.0284,0.7307,0.03,0.6,0.0386,0.303,0.0214,0.0333,0.0271
0.15,pima,lr,crcc_p_l10,0.7248,0.0284,0.7307,0.03,0.6,0.0386,0.303,0.0214,0.0333,0.0271
0.15,pima,lr,global_top_loss,0.5346,0.0228,0.4713,0.0432,0.0836,0.0513,0.5212,0.0409,0.4636,0.0275
0.15,pima,lr,no_cleaning,0.5385,0.0203,0.4769,0.0352,0.0866,0.0386,0.0,0.0,0.0,0.0
0.15,pima,lr,oracle_deletion,0.5958,0.0362,0.5736,0.053,0.206,0.0734,1.0,0.0,0.0,0.0
0.15,pima,lr,random_deletion,0.5487,0.0323,0.4974,0.0551,0.1134,0.0603,0.1242,0.0496,0.1,0.0583
0.15,yeast,hgb,class_proportional,0.6992,0.0208,0.6999,0.0173,0.4951,0.0455,0.3085,0.025,0.0378,0.0175
0.15,yeast,hgb,crcc_m,0.7029,0.0212,0.6942,0.0191,0.5213,0.0391,0.2451,0.0117,0.0159,0.0082
0.15,yeast,hgb,crcc_p_l0,0.6992,0.0208,0.6999,0.0173,0.4951,0.0455,0.3085,0.025,0.0378,0.0175
0.15,yeast,hgb,crcc_p_l025,0.6992,0.0208,0.6999,0.0173,0.4951,0.0455,0.3085,0.025,0.0378,0.0175
0.15,yeast,hgb,crcc_p_l05,0.6992,0.0208,0.6999,0.0173,0.4951,0.0455,0.3085,0.025,0.0378,0.0175
0.15,yeast,hgb,crcc_p_l10,0.6992,0.0208,0.6999,0.0173,0.4951,0.0455,0.3085,0.025,0.0378,0.0175
0.15,yeast,hgb,global_top_loss,0.6359,0.0233,0.6721,0.0257,0.2885,0.0513,0.5646,0.0235,0.3463,0.023
0.15,yeast,hgb,no_cleaning,0.6181,0.0268,0.6407,0.0313,0.282,0.0536,0.0,0.0,0.0,0.0
0.15,yeast,hgb,oracle_deletion,0.6856,0.0269,0.7174,0.0268,0.4098,0.058,1.0,0.0,0.0,0.0
0.15,yeast,hgb,random_deletion,0.6243,0.0394,0.6474,0.0478,0.2951,0.0742,0.1232,0.0294,0.0915,0.0075
0.15,yeast,lr,class_proportional,0.7507,0.0131,0.7391,0.0163,0.6033,0.0315,0.3549,0.0389,0.0341,0.0176
0.15,yeast,lr,crcc_m,0.7481,0.015,0.7323,0.016,0.6066,0.0348,0.2841,0.0362,0.0098,0.0092
0.15,yeast,lr,crcc_p_l0,0.7507,0.0131,0.7391,0.0163,0.6033,0.0315,0.3549,0.0389,0.0341,0.0176
0.15,yeast,lr,crcc_p_l025,0.7507,0.0131,0.7391,0.0163,0.6033,0.0315,0.3549,0.0389,0.0341,0.0176
0.15,yeast,lr,crcc_p_l05,0.7507,0.0131,0.7391,0.0163,0.6033,0.0315,0.3549,0.0389,0.0341,0.0176
0.15,yeast,lr,crcc_p_l10,0.7507,0.0131,0.7391,0.0163,0.6033,0.0315,0.3549,0.0389,0.0341,0.0176
0.15,yeast,lr,global_top_loss,0.5729,0.018,0.5879,0.0277,0.1541,0.034,0.5671,0.0418,0.4171,0.0451
0.15,yeast,lr,no_cleaning,0.5443,0.0125,0.5412,0.0225,0.0951,0.0269,0.0,0.0,0.0,0.0
0.15,yeast,lr,oracle_deletion,0.6257,0.0164,0.6609,0.0212,0.2656,0.0336,1.0,0.0,0.0,0.0
0.15,yeast,lr,random_deletion,0.5522,0.0107,0.5549,0.0178,0.1115,0.0214,0.1232,0.0294,0.0915,0.0075
0.2,credit-g,hgb,class_proportional,0.5956,0.0381,0.5991,0.044,0.3067,0.0699,0.1821,0.0291,0.0813,0.0152
0.2,credit-g,hgb,crcc_m,0.5977,0.0232,0.6024,0.0251,0.352,0.0407,0.1415,0.0212,0.0325,0.0163
0.2,credit-g,hgb,crcc_p_l0,0.5956,0.0381,0.5991,0.044,0.3067,0.0699,0.1821,0.0291,0.0813,0.0152
0.2,credit-g,hgb,crcc_p_l025,0.5956,0.0381,0.5991,0.044,0.3067,0.0699,0.1821,0.0291,0.0813,0.0152
0.2,credit-g,hgb,crcc_p_l05,0.5956,0.0381,0.5991,0.044,0.3067,0.0699,0.1821,0.0291,0.0813,0.0152
0.2,credit-g,hgb,crcc_p_l10,0.5956,0.0381,0.5991,0.044,0.3067,0.0699,0.1821,0.0291,0.0813,0.0152
0.2,credit-g,hgb,global_top_loss,0.5166,0.0141,0.4502,0.0288,0.04,0.0298,0.3789,0.0599,0.4455,0.0301
0.2,credit-g,hgb,no_cleaning,0.5442,0.0174,0.5169,0.0273,0.1307,0.0318,0.0,0.0,0.0,0.0
0.2,credit-g,hgb,oracle_deletion,0.572,0.0179,0.5575,0.0247,0.176,0.0304,1.0,0.0,0.0,0.0
0.2,credit-g,hgb,random_deletion,0.5419,0.0202,0.5177,0.0256,0.1387,0.0276,0.1122,0.024,0.0976,0.031
0.2,credit-g,lr,class_proportional,0.6566,0.015,0.6598,0.0154,0.496,0.0289,0.2276,0.0237,0.0537,0.0148
0.2,credit-g,lr,crcc_m,0.6566,0.0251,0.6576,0.0254,0.512,0.0372,0.1626,0.0199,0.026,0.0145
0.2,credit-g,lr,crcc_p_l0,0.6566,0.015,0.6598,0.0154,0.496,0.0289,0.2276,0.0237,0.0537,0.0148
0.2,credit-g,lr,crcc_p_l025,0.6566,0.015,0.6598,0.0154,0.496,0.0289,0.2276,0.0237,0.0537,0.0148
0.2,credit-g,lr,crcc_p_l05,0.6566,0.015,0.6598,0.0154,0.496,0.0289,0.2276,0.0237,0.0537,0.0148
0.2,credit-g,lr,crcc_p_l10,0.6566,0.015,0.6598,0.0154,0.496,0.0289,0.2276,0.0237,0.0537,0.0148
0.2,credit-g,lr,global_top_loss,0.5112,0.0118,0.4376,0.027,0.0267,0.0288,0.4024,0.0378,0.5041,0.0257
0.2,credit-g,lr,no_cleaning,0.5291,0.0142,0.4775,0.0307,0.072,0.0384,0.0,0.0,0.0,0.0
0.2,credit-g,lr,oracle_deletion,0.5756,0.0272,0.5584,0.0436,0.1707,0.0584,1.0,0.0,0.0,0.0
0.2,credit-g,lr,random_deletion,0.535,0.0325,0.4896,0.0591,0.0907,0.072,0.1122,0.024,0.0976,0.031
0.2,ecoli,hgb,class_proportional,0.767,0.0993,0.7541,0.0825,0.6632,0.1919,0.2957,0.0248,0.0348,0.0194
0.2,ecoli,hgb,crcc_m,0.7547,0.1291,0.7303,0.1043,0.6632,0.2621,0.2261,0.033,0.013,0.0119
0.2,ecoli,hgb,crcc_p_l0,0.767,0.0993,0.7541,0.0825,0.6632,0.1919,0.2957,0.0248,0.0348,0.0194
0.2,ecoli,hgb,crcc_p_l025,0.767,0.0993,0.7541,0.0825,0.6632,0.1919,0.2957,0.0248,0.0348,0.0194
0.2,ecoli,hgb,crcc_p_l05,0.767,0.0993,0.7541,0.0825,0.6632,0.1919,0.2957,0.0248,0.0348,0.0194
0.2,ecoli,hgb,crcc_p_l10,0.767,0.0993,0.7541,0.0825,0.6632,0.1919,0.2957,0.0248,0.0348,0.0194
0.2,ecoli,hgb,global_top_loss,0.6794,0.1475,0.6949,0.1561,0.3895,0.2849,0.4783,0.0486,0.3043,0.0266
0.2,ecoli,hgb,no_cleaning,0.6745,0.1196,0.6847,0.1225,0.4105,0.2452,0.0,0.0,0.0,0.0
0.2,ecoli,hgb,oracle_deletion,0.8032,0.0861,0.8224,0.0837,0.6526,0.1516,1.0,0.0,0.0,0.0
0.2,ecoli,hgb,random_deletion,0.6789,0.0529,0.6941,0.0444,0.4316,0.1362,0.1304,0.0554,0.1087,0.0532
0.2,ecoli,lr,class_proportional,0.8496,0.0227,0.8176,0.0354,0.8316,0.0577,0.3609,0.0476,0.0043,0.0097
0.2,ecoli,lr,crcc_m,0.8472,0.027,0.8085,0.0383,0.8421,0.0744,0.2696,0.05,0.0,0.0
0.2,ecoli,lr,crcc_p_l0,0.8496,0.0227,0.8176,0.0354,0.8316,0.0577,0.3609,0.0476,0.0043,0.0097
0.2,ecoli,lr,crcc_p_l025,0.8496,0.0227,0.8176,0.0354,0.8316,0.0577,0.3609,0.0476,0.0043,0.0097
0.2,ecoli,lr,crcc_p_l05,0.8496,0.0227,0.8176,0.0354,0.8316,0.0577,0.3609,0.0476,0.0043,0.0097
0.2,ecoli,lr,crcc_p_l10,0.8496,0.0227,0.8176,0.0354,0.8316,0.0577,0.3609,0.0476,0.0043,0.0097
0.2,ecoli,lr,global_top_loss,0.5579,0.06,0.539,0.0965,0.1158,0.12,0.5087,0.085,0.4261,0.0546
0.2,ecoli,lr,no_cleaning,0.6353,0.0639,0.659,0.0821,0.2737,0.1257,0.0,0.0,0.0,0.0
0.2,ecoli,lr,oracle_deletion,0.8155,0.0773,0.8433,0.0622,0.6526,0.1689,1.0,0.0,0.0,0.0
0.2,ecoli,lr,random_deletion,0.648,0.0895,0.67,0.116,0.3053,0.1761,0.1304,0.0554,0.1087,0.0532
0.2,phoneme,hgb,class_proportional,0.7998,0.0224,0.803,0.0228,0.7065,0.0336,0.3163,0.0106,0.0306,0.005
0.2,phoneme,hgb,crcc_m,0.8099,0.0165,0.8067,0.0163,0.7418,0.0245,0.2481,0.0066,0.0113,0.0017
0.2,phoneme,hgb,crcc_p_l0,0.7998,0.0224,0.803,0.0228,0.7065,0.0336,0.3163,0.0106,0.0306,0.005
0.2,phoneme,hgb,crcc_p_l025,0.7998,0.0224,0.803,0.0228,0.7065,0.0336,0.3163,0.0106,0.0306,0.005
0.2,phoneme,hgb,crcc_p_l05,0.7998,0.0224,0.803,0.0228,0.7065,0.0336,0.3163,0.0106,0.0306,0.005
0.2,phoneme,hgb,crcc_p_l10,0.7998,0.0224,0.803,0.0228,0.7065,0.0336,0.3163,0.0106,0.0306,0.005
0.2,phoneme,hgb,global_top_loss,0.6336,0.0274,0.6444,0.0375,0.2789,0.0529,0.4884,0.0362,0.3519,0.0289
0.2,phoneme,hgb,no_cleaning,0.6762,0.009,0.6985,0.0109,0.3812,0.017,0.0,0.0,0.0,0.0
0.2,phoneme,hgb,oracle_deletion,0.7535,0.0113,0.7833,0.0124,0.533,0.0201,1.0,0.0,0.0,0.0
0.2,phoneme,hgb,random_deletion,0.6715,0.0225,0.6924,0.0268,0.3747,0.042,0.1291,0.0212,0.1077,0.0144
0.2,phoneme,lr,class_proportional,0.7465,0.0159,0.7405,0.0148,0.6662,0.0263,0.3045,0.007,0.019,0.0057
0.2,phoneme,lr,crcc_m,0.7569,0.0106,0.7468,0.0096,0.6954,0.0182,0.2323,0.0013,0.0059,0.0035
0.2,phoneme,lr,crcc_p_l0,0.7465,0.0159,0.7405,0.0148,0.6662,0.0263,0.3045,0.007,0.019,0.0057
0.2,phoneme,lr,crcc_p_l025,0.7465,0.0159,0.7405,0.0148,0.6662,0.0263,0.3045,0.007,0.019,0.0057
0.2,phoneme,lr,crcc_p_l05,0.7465,0.0159,0.7405,0.0148,0.6662,0.0263,0.3045,0.007,0.019,0.0057
0.2,phoneme,lr,crcc_p_l10,0.7465,0.0159,0.7405,0.0148,0.6662,0.0263,0.3045,0.007,0.019,0.0057
0.2,phoneme,lr,global_top_loss,,,,,,,,,,
0.2,phoneme,lr,no_cleaning,0.503,0.0038,0.4204,0.0082,0.0061,0.0077,0.0,0.0,0.0,0.0
0.2,phoneme,lr,oracle_deletion,0.5366,0.003,0.4908,0.0065,0.0797,0.0084,1.0,0.0,0.0,0.0
0.2,phoneme,lr,random_deletion,0.5018,0.0017,0.4177,0.0037,0.0035,0.0034,0.1291,0.0212,0.1077,0.0144
0.2,pima,hgb,class_proportional,0.635,0.0399,0.6402,0.0436,0.406,0.0591,0.2295,0.0259,0.0614,0.013
0.2,pima,hgb,crcc_m,0.6503,0.0411,0.6554,0.0417,0.4687,0.0728,0.1818,0.029,0.0182,0.0172
0.2,pima,hgb,crcc_p_l0,0.635,0.0399,0.6402,0.0436,0.406,0.0591,0.2295,0.0259,0.0614,0.013
0.2,pima,hgb,crcc_p_l025,0.635,0.0399,0.6402,0.0436,0.406,0.0591,0.2295,0.0259,0.0614,0.013
0.2,pima,hgb,crcc_p_l05,0.635,0.0399,0.6402,0.0436,0.406,0.0591,0.2295,0.0259,0.0614,0.013
0.2,pima,hgb,crcc_p_l10,0.635,0.0399,0.6402,0.0436,0.406,0.0591,0.2295,0.0259,0.0614,0.013
0.2,pima,hgb,global_top_loss,0.5405,0.0423,0.4817,0.0711,0.0985,0.0835,0.4068,0.0246,0.4023,0.0285
0.2,pima,hgb,no_cleaning,0.5597,0.0336,0.5346,0.0475,0.1851,0.0584,0.0,0.0,0.0,0.0
0.2,pima,hgb,oracle_deletion,0.6104,0.0337,0.6033,0.0435,0.2657,0.0488,1.0,0.0,0.0,0.0
0.2,pima,hgb,random_deletion,0.5564,0.031,0.5328,0.0411,0.1881,0.0502,0.1227,0.0187,0.0955,0.0382
0.2,pima,lr,class_proportional,0.7274,0.0361,0.7283,0.0365,0.6388,0.0488,0.2773,0.0285,0.0386,0.0285
0.2,pima,lr,crcc_m,0.7238,0.0333,0.7221,0.0337,0.6507,0.0502,0.2045,0.018,0.0159,0.0152
0.2,pima,lr,crcc_p_l0,0.7274,0.0361,0.7283,0.0365,0.6388,0.0488,0.2773,0.0285,0.0386,0.0285
0.2,pima,lr,crcc_p_l025,0.7274,0.0361,0.7283,0.0365,0.6388,0.0488,0.2773,0.0285,0.0386,0.0285
0.2,pima,lr,crcc_p_l05,0.7274,0.0361,0.7283,0.0365,0.6388,0.0488,0.2773,0.0285,0.0386,0.0285
0.2,pima,lr,crcc_p_l10,0.7274,0.0361,0.7283,0.0365,0.6388,0.0488,0.2773,0.0285,0.0386,0.0285
0.2,pima,lr,global_top_loss,0.5103,0.0086,0.4185,0.0174,0.0239,0.017,0.4432,0.041,0.4886,0.0278
0.2,pima,lr,no_cleaning,0.5385,0.0203,0.4769,0.0352,0.0866,0.0386,0.0,0.0,0.0,0.0
0.2,pima,lr,oracle_deletion,0.5958,0.0362,0.5736,0.053,0.206,0.0734,1.0,0.0,0.0,0.0
0.2,pima,lr,random_deletion,0.5464,0.0184,0.4948,0.0353,0.1104,0.043,0.1227,0.0187,0.0955,0.0382
0.2,yeast,hgb,class_proportional,0.7084,0.0329,0.705,0.0275,0.518,0.0682,0.2886,0.0149,0.0411,0.0102
0.2,yeast,hgb,crcc_m,0.7189,0.0326,0.6933,0.024,0.5803,0.0662,0.2237,0.0144,0.0164,0.011
0.2,yeast,hgb,crcc_p_l0,0.7084,0.0329,0.705,0.0275,0.518,0.0682,0.2886,0.0149,0.0411,0.0102
0.2,yeast,hgb,crcc_p_l025,0.7084,0.0329,0.705,0.0275,0.518,0.0682,0.2886,0.0149,0.0411,0.0102
0.2,yeast,hgb,crcc_p_l05,0.7084,0.0329,0.705,0.0275,0.518,0.0682,0.2886,0.0149,0.0411,0.0102
0.2,yeast,hgb,crcc_p_l10,0.7084,0.0329,0.705,0.0275,0.518,0.0682,0.2886,0.0149,0.0411,0.0102
0.2,yeast,hgb,global_top_loss,0.6257,0.0294,0.6596,0.0353,0.2656,0.0629,0.484,0.0177,0.3352,0.0206
0.2,yeast,hgb,no_cleaning,0.6181,0.0268,0.6407,0.0313,0.282,0.0536,0.0,0.0,0.0,0.0
0.2,yeast,hgb,oracle_deletion,0.6856,0.0269,0.7174,0.0268,0.4098,0.058,1.0,0.0,0.0,0.0
0.2,yeast,hgb,random_deletion,0.609,0.0293,0.6275,0.0346,0.2754,0.0536,0.1269,0.0181,0.1087,0.0159
0.2,yeast,lr,class_proportional,0.7474,0.0233,0.7121,0.0246,0.6426,0.0455,0.3151,0.0248,0.0347,0.0069
0.2,yeast,lr,crcc_m,0.7528,0.0267,0.7109,0.0235,0.6623,0.0587,0.2393,0.0267,0.0164,0.011
0.2,yeast,lr,crcc_p_l0,0.7474,0.0233,0.7121,0.0246,0.6426,0.0455,0.3151,0.0248,0.0347,0.0069
0.2,yeast,lr,crcc_p_l025,0.7474,0.0233,0.7121,0.0246,0.6426,0.0455,0.3151,0.0248,0.0347,0.0069
0.2,yeast,lr,crcc_p_l05,0.7474,0.0233,0.7121,0.0246,0.6426,0.0455,0.3151,0.0248,0.0347,0.0069
0.2,yeast,lr,crcc_p_l10,0.7474,0.0233,0.7121,0.0246,0.6426,0.0455,0.3151,0.0248,0.0347,0.0069
0.2,yeast,lr,global_top_loss,0.5345,0.0178,0.5236,0.0331,0.0754,0.0377,0.4822,0.0243,0.4721,0.0195
0.2,yeast,lr,no_cleaning,0.5443,0.0125,0.5412,0.0225,0.0951,0.0269,0.0,0.0,0.0,0.0
0.2,yeast,lr,oracle_deletion,0.6257,0.0164,0.6609,0.0212,0.2656,0.0336,1.0,0.0,0.0,0.0
0.2,yeast,lr,random_deletion,0.5355,0.0122,0.5263,0.0229,0.0787,0.0269,0.1269,0.0181,0.1087,0.0159
0.3,credit-g,hgb,class_proportional,0.6013,0.0181,0.6059,0.0199,0.3467,0.0533,0.1708,0.0082,0.0854,0.0045
0.3,credit-g,hgb,crcc_m,0.6185,0.0337,0.6224,0.0357,0.4267,0.0452,0.1319,0.0182,0.0335,0.0123
0.3,credit-g,hgb,crcc_p_l0,0.6013,0.0181,0.6059,0.0199,0.3467,0.0533,0.1708,0.0082,0.0854,0.0045
0.3,credit-g,hgb,crcc_p_l025,0.6013,0.0181,0.6059,0.0199,0.3467,0.0533,0.1708,0.0082,0.0854,0.0045
0.3,credit-g,hgb,crcc_p_l05,0.6013,0.0181,0.6059,0.0199,0.3467,0.0533,0.1708,0.0082,0.0854,0.0045
0.3,credit-g,hgb,crcc_p_l10,0.6013,0.0181,0.6059,0.0199,0.3467,0.0533,0.1708,0.0082,0.0854,0.0045
0.3,credit-g,hgb,global_top_loss,0.5103,0.0098,0.4354,0.023,0.024,0.0239,0.3027,0.0447,0.3395,0.0302
0.3,credit-g,hgb,no_cleaning,0.5442,0.0174,0.5169,0.0273,0.1307,0.0318,0.0,0.0,0.0,0.0
0.3,credit-g,hgb,oracle_deletion,0.572,0.0179,0.5575,0.0247,0.176,0.0304,1.0,0.0,0.0,0.0
0.3,credit-g,hgb,random_deletion,0.5537,0.0104,0.5345,0.0186,0.16,0.0327,0.1232,0.0221,0.1059,0.0118
0.3,credit-g,lr,class_proportional,0.6638,0.0247,0.6578,0.0248,0.5653,0.0407,0.2054,0.0301,0.0638,0.0129
0.3,credit-g,lr,crcc_m,0.6625,0.0159,0.6493,0.0159,0.6027,0.0304,0.1568,0.0206,0.0216,0.0101
0.3,credit-g,lr,crcc_p_l0,0.6638,0.0247,0.6578,0.0248,0.5653,0.0407,0.2054,0.0301,0.0638,0.0129
0.3,credit-g,lr,crcc_p_l025,0.6638,0.0247,0.6578,0.0248,0.5653,0.0407,0.2054,0.0301,0.0638,0.0129
0.3,credit-g,lr,crcc_p_l05,0.6638,0.0247,0.6578,0.0248,0.5653,0.0407,0.2054,0.0301,0.0638,0.0129
0.3,credit-g,lr,crcc_p_l10,0.6638,0.0247,0.6578,0.0248,0.5653,0.0407,0.2054,0.0301,0.0638,0.0129
0.3,credit-g,lr,global_top_loss,0.51,0.0141,0.4325,0.0293,0.02,0.0283,0.327,0.042,0.3432,0.0115
0.3,credit-g,lr,no_cleaning,0.5291,0.0142,0.4775,0.0307,0.072,0.0384,0.0,0.0,0.0,0.0
0.3,credit-g,lr,oracle_deletion,0.5756,0.0272,0.5584,0.0436,0.1707,0.0584,1.0,0.0,0.0,0.0
0.3,credit-g,lr,random_deletion,0.5377,0.0289,0.4928,0.0594,0.096,0.0768,0.1232,0.0221,0.1059,0.0118
0.3,ecoli,hgb,class_proportional,0.7573,0.1244,0.7482,0.1072,0.6316,0.2383,0.25,0.0294,0.0471,0.0123
0.3,ecoli,hgb,crcc_m,0.7941,0.0753,0.751,0.0598,0.7789,0.146,0.1824,0.0223,0.0176,0.0123
0.3,ecoli,hgb,crcc_p_l0,0.7573,0.1244,0.7482,0.1072,0.6316,0.2383,0.25,0.0294,0.0471,0.0123
0.3,ecoli,hgb,crcc_p_l025,0.7573,0.1244,0.7482,0.1072,0.6316,0.2383,0.25,0.0294,0.0471,0.0123
0.3,ecoli,hgb,crcc_p_l05,0.7573,0.1244,0.7482,0.1072,0.6316,0.2383,0.25,0.0294,0.0471,0.0123
0.3,ecoli,hgb,crcc_p_l10,0.7573,0.1244,0.7482,0.1072,0.6316,0.2383,0.25,0.0294,0.0471,0.0123
0.3,ecoli,hgb,global_top_loss,0.653,0.1213,0.6704,0.1494,0.3368,0.2251,0.3588,0.0448,0.2618,0.0242
0.3,ecoli,hgb,no_cleaning,0.6745,0.1196,0.6847,0.1225,0.4105,0.2452,0.0,0.0,0.0,0.0
0.3,ecoli,hgb,oracle_deletion,0.8032,0.0861,0.8224,0.0837,0.6526,0.1516,1.0,0.0,0.0,0.0
0.3,ecoli,hgb,random_deletion,0.6219,0.1253,0.6278,0.1404,0.3053,0.2395,0.1235,0.0594,0.1324,0.0429
0.3,ecoli,lr,class_proportional,0.8417,0.0512,0.7954,0.0587,0.8526,0.0781,0.3206,0.0381,0.0059,0.0081
0.3,ecoli,lr,crcc_m,0.8421,0.0384,0.783,0.0637,0.8842,0.044,0.2206,0.0375,0.0,0.0
0.3,ecoli,lr,crcc_p_l0,0.8417,0.0512,0.7954,0.0587,0.8526,0.0781,0.3206,0.0381,0.0059,0.0081
0.3,ecoli,lr,crcc_p_l025,0.8417,0.0512,0.7954,0.0587,0.8526,0.0781,0.3206,0.0381,0.0059,0.0081
0.3,ecoli,lr,crcc_p_l05,0.8417,0.0512,0.7954,0.0587,0.8526,0.0781,0.3206,0.0381,0.0059,0.0081
0.3,ecoli,lr,crcc_p_l10,0.8417,0.0512,0.7954,0.0587,0.8526,0.0781,0.3206,0.0381,0.0059,0.0081
0.3,ecoli,lr,global_top_loss,0.5,0.0,0.4362,0.0,0.0,0.0,0.3725,0.074,0.3578,0.034
0.3,ecoli,lr,no_cleaning,0.6353,0.0639,0.659,0.0821,0.2737,0.1257,0.0,0.0,0.0,0.0
0.3,ecoli,lr,oracle_deletion,0.8155,0.0773,0.8433,0.0622,0.6526,0.1689,1.0,0.0,0.0,0.0
0.3,ecoli,lr,random_deletion,0.5849,0.0368,0.5882,0.0606,0.1789,0.0798,0.1235,0.0594,0.1324,0.0429
0.3,phoneme,hgb,class_proportional,0.8083,0.0184,0.8057,0.0181,0.7378,0.0274,0.2715,0.0114,0.0372,0.0024
0.3,phoneme,hgb,crcc_m,0.8147,0.0152,0.7992,0.0153,0.7882,0.0187,0.2034,0.0076,0.0146,0.0033
0.3,phoneme,hgb,crcc_p_l0,0.8083,0.0184,0.8057,0.0181,0.7378,0.0274,0.2715,0.0114,0.0372,0.0024
0.3,phoneme,hgb,crcc_p_l025,0.8083,0.0184,0.8057,0.0181,0.7378,0.0274,0.2715,0.0114,0.0372,0.0024
0.3,phoneme,hgb,crcc_p_l05,0.8083,0.0184,0.8057,0.0181,0.7378,0.0274,0.2715,0.0114,0.0372,0.0024
0.3,phoneme,hgb,crcc_p_l10,0.8083,0.0184,0.8057,0.0181,0.7378,0.0274,0.2715,0.0114,0.0372,0.0024
0.3,phoneme,hgb,global_top_loss,0.5893,0.0297,0.5787,0.0461,0.1861,0.0602,0.3661,0.0234,0.3,0.0183
0.3,phoneme,hgb,no_cleaning,0.6762,0.009,0.6985,0.0109,0.3812,0.017,0.0,0.0,0.0,0.0
0.3,phoneme,hgb,oracle_deletion,0.7535,0.0113,0.7833,0.0124,0.533,0.0201,1.0,0.0,0.0,0.0
0.3,phoneme,hgb,random_deletion,0.669,0.0188,0.6892,0.0226,0.3742,0.0324,0.1308,0.0101,0.1098,0.0071
0.3,phoneme,lr,class_proportional,0.7595,0.0086,0.732,0.0086,0.7645,0.0182,0.2622,0.0133,0.037,0.0068
0.3,phoneme,lr,crcc_m,0.7596,0.0085,0.7226,0.0069,0.7983,0.0207,0.2042,0.005,0.0069,0.0021
0.3,phoneme,lr,crcc_p_l0,0.7595,0.0086,0.732,0.0086,0.7645,0.0182,0.2622,0.0133,0.037,0.0068
0.3,phoneme,lr,crcc_p_l025,0.7595,0.0086,0.732,0.0086,0.7645,0.0182,0.2622,0.0133,0.037,0.0068
0.3,phoneme,lr,crcc_p_l05,0.7595,0.0086,0.732,0.0086,0.7645,0.0182,0.2622,0.0133,0.037,0.0068
0.3,phoneme,lr,crcc_p_l10,0.7595,0.0086,0.732,0.0086,0.7645,0.0182,0.2622,0.0133,0.037,0.0068
0.3,phoneme,lr,global_top_loss,,,,,,,,,,
0.3,phoneme,lr,no_cleaning,0.503,0.0038,0.4204,0.0082,0.0061,0.0077,0.0,0.0,0.0,0.0
0.3,phoneme,lr,oracle_deletion,0.5366,0.003,0.4908,0.0065,0.0797,0.0084,1.0,0.0,0.0,0.0
0.3,phoneme,lr,random_deletion,0.5023,0.0044,0.4188,0.0094,0.0045,0.0088,0.1308,0.0101,0.1098,0.0071
0.3,pima,hgb,class_proportional,0.6539,0.0509,0.6593,0.0534,0.4597,0.0892,0.1985,0.0295,0.0773,0.0196
0.3,pima,hgb,crcc_m,0.6593,0.0524,0.6612,0.0522,0.5313,0.0828,0.1591,0.0234,0.0242,0.0136
0.3,pima,hgb,crcc_p_l0,0.6539,0.0509,0.6593,0.0534,0.4597,0.0892,0.1985,0.0295,0.0773,0.0196
0.3,pima,hgb,crcc_p_l025,0.6539,0.0509,0.6593,0.0534,0.4597,0.0892,0.1985,0.0295,0.0773,0.0196
0.3,pima,hgb,crcc_p_l05,0.6539,0.0509,0.6593,0.0534,0.4597,0.0892,0.1985,0.0295,0.0773,0.0196
0.3,pima,hgb,crcc_p_l10,0.6539,0.0509,0.6593,0.0534,0.4597,0.0892,0.1985,0.0295,0.0773,0.0196
0.3,pima,hgb,global_top_loss,0.5229,0.0226,0.4452,0.0462,0.0537,0.0513,0.3212,0.0271,0.3152,0.0218
0.3,pima,hgb,no_cleaning,0.5597,0.0336,0.5346,0.0475,0.1851,0.0584,0.0,0.0,0.0,0.0
0.3,pima,hgb,oracle_deletion,0.6104,0.0337,0.6033,0.0435,0.2657,0.0488,1.0,0.0,0.0,0.0
0.3,pima,hgb,random_deletion,0.584,0.048,0.5694,0.0666,0.2448,0.0982,0.1258,0.0255,0.0955,0.0174
0.3,pima,lr,class_proportional,0.7293,0.0314,0.7209,0.0349,0.6985,0.0414,0.2379,0.0127,0.05,0.0115
0.3,pima,lr,crcc_m,0.7342,0.0209,0.7152,0.0245,0.7612,0.0236,0.1879,0.0136,0.0152,0.0107
0.3,pima,lr,crcc_p_l0,0.7293,0.0314,0.7209,0.0349,0.6985,0.0414,0.2379,0.0127,0.05,0.0115
0.3,pima,lr,crcc_p_l025,0.7293,0.0314,0.7209,0.0349,0.6985,0.0414,0.2379,0.0127,0.05,0.0115
0.3,pima,lr,crcc_p_l05,0.7293,0.0314,0.7209,0.0349,0.6985,0.0414,0.2379,0.0127,0.05,0.0115
0.3,pima,lr,crcc_p_l10,0.7293,0.0314,0.7209,0.0349,0.6985,0.0414,0.2379,0.0127,0.05,0.0115
0.3,pima,lr,global_top_loss,0.5017,0.0024,0.4012,0.0098,0.0075,0.0106,0.3674,0.0161,0.3409,0.0
0.3,pima,lr,no_cleaning,0.5385,0.0203,0.4769,0.0352,0.0866,0.0386,0.0,0.0,0.0,0.0
0.3,pima,lr,oracle_deletion,0.5958,0.0362,0.5736,0.053,0.206,0.0734,1.0,0.0,0.0,0.0
0.3,pima,lr,random_deletion,0.5515,0.0173,0.5061,0.0298,0.1254,0.0375,0.1258,0.0255,0.0955,0.0174
0.3,yeast,hgb,class_proportional,0.7226,0.0245,0.708,0.0197,0.5639,0.0486,0.2457,0.0121,0.0561,0.0088
0.3,yeast,hgb,crcc_m,0.7238,0.0248,0.6803,0.017,0.6262,0.0549,0.1884,0.01,0.0189,0.0087
0.3,yeast,hgb,crcc_p_l0,0.7226,0.0245,0.708,0.0197,0.5639,0.0486,0.2457,0.0121,0.0561,0.0088
0.3,yeast,hgb,crcc_p_l025,0.7226,0.0245,0.708,0.0197,0.5639,0.0486,0.2457,0.0121,0.0561,0.0088
0.3,yeast,hgb,crcc_p_l05,0.7226,0.0245,0.708,0.0197,0.5639,0.0486,0.2457,0.0121,0.0561,0.0088
0.3,yeast,hgb,crcc_p_l10,0.7226,0.0245,0.708,0.0197,0.5639,0.0486,0.2457,0.0121,0.0561,0.0088
0.3,yeast,hgb,global_top_loss,0.5988,0.0326,0.6249,0.046,0.2066,0.0641,0.3689,0.0179,0.2939,0.009
0.3,yeast,hgb,no_cleaning,0.6181,0.0268,0.6407,0.0313,0.282,0.0536,0.0,0.0,0.0,0.0
0.3,yeast,hgb,oracle_deletion,0.6856,0.0269,0.7174,0.0268,0.4098,0.058,1.0,0.0,0.0,0.0
0.3,yeast,hgb,random_deletion,0.6224,0.0247,0.6422,0.0269,0.3016,0.0526,0.1396,0.0185,0.0976,0.0091
0.3,yeast,lr,class_proportional,0.7336,0.03,0.6699,0.0326,0.6852,0.0618,0.2726,0.0158,0.0409,0.0095
0.3,yeast,lr,crcc_m,0.7293,0.033,0.649,0.0286,0.718,0.0596,0.2024,0.0153,0.0171,0.0088
0.3,yeast,lr,crcc_p_l0,0.7336,0.03,0.6699,0.0326,0.6852,0.0618,0.2726,0.0158,0.0409,0.0095
0.3,yeast,lr,crcc_p_l025,0.7336,0.03,0.6699,0.0326,0.6852,0.0618,0.2726,0.0158,0.0409,0.0095
0.3,yeast,lr,crcc_p_l05,0.7336,0.03,0.6699,0.0326,0.6852,0.0618,0.2726,0.0158,0.0409,0.0095
0.3,yeast,lr,crcc_p_l10,0.7336,0.03,0.6699,0.0326,0.6852,0.0618,0.2726,0.0158,0.0409,0.0095
0.3,yeast,lr,global_top_loss,0.5049,0.0043,0.4661,0.0094,0.0109,0.0095,0.3791,0.0184,0.3526,0.0123
0.3,yeast,lr,no_cleaning,0.5443,0.0125,0.5412,0.0225,0.0951,0.0269,0.0,0.0,0.0,0.0
0.3,yeast,lr,oracle_deletion,0.6257,0.0164,0.6609,0.0212,0.2656,0.0336,1.0,0.0,0.0,0.0
0.3,yeast,lr,random_deletion,0.5528,0.0165,0.5552,0.0273,0.1115,0.0355,0.1396,0.0185,0.0976,0.0091
