deleted,balanced_accuracy,accuracy,macro_f1,weighted_f1,minority_recall,minority_precision,majority_recall,pr_auc,noise_precision_deleted,clean_minority_deletion_rate,n_relabeled,n_synthetic,relabel_correctness,dataset,model,seed,noise_protocol,lamda,budget,target_ratio
0,0.7403582089552239,0.765625,0.7411856334062248,0.7652107734475632,0.6567164179104478,0.6666666666666666,0.824,0.6124736243417642,,,0,44,,pima,lr,13,hidden_minority_medium,10,0.1,0.15
0,0.7587462686567163,0.7760416666666666,0.7560211590177015,0.7771336943566102,0.7014925373134329,0.6714285714285714,0.816,0.5984078376714115,,,0,44,,pima,lr,13,hidden_minority_medium,20,0.1,0.15
0,0.765134328358209,0.7708333333333334,0.7555555555555555,0.7740162037037037,0.746268656716418,0.6493506493506493,0.784,0.6022228761923402,,,0,44,,pima,lr,13,hidden_minority_medium,30,0.1,0.15
0,0.7328955223880597,0.7604166666666666,0.7344877344877345,0.7595523689273689,0.6417910447761194,0.6615384615384615,0.824,0.5985028824473815,,,0,44,,pima,lr,13,hidden_minority_medium,50,0.1,0.15
0,0.7438208955223881,0.765625,0.7429718875502007,0.7660224230254351,0.6716417910447762,0.6617647058823529,0.816,0.5973236620626495,,,0,44,,pima,lr,13,hidden_minority_medium,100,0.1,0.15
0,0.7600597014925373,0.7552083333333334,0.7435124918284399,0.7600578285914598,0.7761194029850746,0.6190476190476191,0.744,0.6930745764449312,,,0,44,,pima,lr,17,hidden_minority_medium,10,0.1,0.15
0,0.749134328358209,0.75,0.7361429225836005,0.7544090700870362,0.746268656716418,0.6172839506172839,0.752,0.6815350537213252,,,0,44,,pima,lr,17,hidden_minority_medium,20,0.1,0.15
0,0.7416716417910447,0.7447916666666666,0.729957805907173,0.7490770042194091,0.7313432835820896,0.6125,0.752,0.6648348203289377,,,0,44,,pima,lr,17,hidden_minority_medium,30,0.1,0.15
0,0.7336716417910447,0.734375,0.7203484221048122,0.739267992289019,0.7313432835820896,0.5975609756097561,0.736,0.6950940627173352,,,0,44,,pima,lr,17,hidden_minority_medium,50,0.1,0.15
0,0.7307462686567164,0.7395833333333334,0.7222222222222222,0.7432002314814815,0.7014925373134329,0.6103896103896104,0.76,0.6781337410449612,,,0,44,,pima,lr,17,hidden_minority_medium,100,0.1,0.15
0,0.7216716417910447,0.71875,0.705989110707804,0.7244924001814882,0.7313432835820896,0.5764705882352941,0.712,0.6547161278128639,,,0,44,,pima,lr,23,hidden_minority_medium,10,0.1,0.15
0,0.7256716417910447,0.7239583333333334,0.7107694056788789,0.7294269130924973,0.7313432835820896,0.5833333333333334,0.72,0.6792618765047045,,,0,44,,pima,lr,23,hidden_minority_medium,20,0.1,0.15
0,0.7296716417910447,0.7291666666666666,0.7155555555555555,0.7343518518518519,0.7313432835820896,0.5903614457831325,0.728,0.6716876149175848,,,0,44,,pima,lr,23,hidden_minority_medium,30,0.1,0.15
0,0.7222089552238806,0.7239583333333334,0.7093816935599029,0.7290432076729022,0.7164179104477612,0.5853658536585366,0.728,0.6720017420415727,,,0,44,,pima,lr,23,hidden_minority_medium,50,0.1,0.15
0,0.7262089552238806,0.7291666666666666,0.7141548327989007,0.7339431592609559,0.7164179104477612,0.5925925925925926,0.736,0.6951845871837179,,,0,44,,pima,lr,23,hidden_minority_medium,100,0.1,0.15
0,0.7315223880597015,0.7135416666666666,0.7058741609336268,0.7202198168212499,0.7910447761194029,0.5638297872340425,0.672,0.7642748467894429,,,0,44,,pima,lr,29,hidden_minority_medium,10,0.1,0.15
0,0.729134328358209,0.7239583333333334,0.7120787709023003,0.7297458124664007,0.746268656716418,0.5813953488372093,0.712,0.7756351691233099,,,0,44,,pima,lr,29,hidden_minority_medium,20,0.1,0.15
0,0.729134328358209,0.7239583333333334,0.7120787709023003,0.7297458124664007,0.746268656716418,0.5813953488372093,0.712,0.7735864062817833,,,0,44,,pima,lr,29,hidden_minority_medium,30,0.1,0.15
0,0.7285970149253731,0.71875,0.708502024291498,0.7250126518218624,0.7611940298507462,0.5730337078651685,0.696,0.7665568282653199,,,0,44,,pima,lr,29,hidden_minority_medium,50,0.1,0.15
0,0.7400597014925373,0.7291666666666666,0.7192982456140351,0.7351973684210527,0.7761194029850746,0.5842696629213483,0.704,0.7568935975792258,,,0,44,,pima,lr,29,hidden_minority_medium,100,0.1,0.15
0,0.6619701492537313,0.6770833333333334,0.6555555555555556,0.6815682870370371,0.6119402985074627,0.5324675324675324,0.712,0.5982135898516231,,,0,44,,pima,lr,31,hidden_minority_medium,10,0.1,0.15
0,0.6670447761194029,0.6927083333333334,0.6652383344661486,0.6942066969079072,0.582089552238806,0.5571428571428572,0.752,0.5920004606069218,,,0,44,,pima,lr,31,hidden_minority_medium,20,0.1,0.15
0,0.6785074626865671,0.703125,0.6765861875350927,0.704572571588995,0.5970149253731343,0.5714285714285714,0.76,0.6088455794371419,,,0,44,,pima,lr,31,hidden_minority_medium,30,0.1,0.15
0,0.6705074626865671,0.6927083333333334,0.6673616209073557,0.6950995326188029,0.5970149253731343,0.5555555555555556,0.744,0.6045915933002501,,,0,44,,pima,lr,31,hidden_minority_medium,50,0.1,0.15
0,0.6459701492537313,0.65625,0.6371965185524507,0.6623124713696747,0.6119402985074627,0.5061728395061729,0.68,0.5865063440289059,,,0,44,,pima,lr,31,hidden_minority_medium,100,0.1,0.15
0,0.6963582089552238,0.7083333333333334,0.6888888888888889,0.7123842592592594,0.6567164179104478,0.5714285714285714,0.736,0.6459811394501431,,,0,44,,pima,lr,37,hidden_minority_medium,10,0.1,0.15
0,0.6998208955223881,0.7083333333333334,0.6905721192586624,0.7129666935267257,0.6716417910447762,0.569620253164557,0.728,0.6391933661825747,,,0,44,,pima,lr,37,hidden_minority_medium,20,0.1,0.15
0,0.7067462686567164,0.7083333333333334,0.6936752136752137,0.7139173789173788,0.7014925373134329,0.5662650602409639,0.712,0.6526835899585083,,,0,44,,pima,lr,37,hidden_minority_medium,30,0.1,0.15
0,0.7027462686567164,0.703125,0.6889406815791718,0.7090063027598555,0.7014925373134329,0.5595238095238095,0.704,0.6369438928591596,,,0,44,,pima,lr,37,hidden_minority_medium,50,0.1,0.15
0,0.6918208955223881,0.6979166666666666,0.6811726981218507,0.7032442930218353,0.6716417910447762,0.5555555555555556,0.712,0.6635749567770078,,,0,44,,pima,lr,37,hidden_minority_medium,100,0.1,0.15
0,0.7147462686567164,0.71875,0.7031607879065507,0.7237102038479156,0.7014925373134329,0.5802469135802469,0.728,0.6302071060018263,,,0,44,,pima,lr,41,hidden_minority_medium,10,0.1,0.15
0,0.6958208955223881,0.703125,0.6858692844226298,0.7081099845001292,0.6716417910447762,0.5625,0.72,0.6365415204223432,,,0,44,,pima,lr,41,hidden_minority_medium,20,0.1,0.15
0,0.7027462686567164,0.703125,0.6889406815791718,0.7090063027598555,0.7014925373134329,0.5595238095238095,0.704,0.6401293172825336,,,0,44,,pima,lr,41,hidden_minority_medium,30,0.1,0.15
0,0.7107462686567164,0.7135416666666666,0.6984149650149936,0.7188184230567852,0.7014925373134329,0.573170731707317,0.72,0.6542800135399391,,,0,44,,pima,lr,41,hidden_minority_medium,50,0.1,0.15
0,0.713134328358209,0.703125,0.6929206767866662,0.7098306981116194,0.746268656716418,0.5555555555555556,0.68,0.6445795992709356,,,0,44,,pima,lr,41,hidden_minority_medium,100,0.1,0.15
0,0.7435223880597015,0.7291666666666666,0.720398790187073,0.7353557559463799,0.7910447761194029,0.5824175824175825,0.696,0.708918141847467,,,0,44,,pima,lr,43,hidden_minority_medium,10,0.1,0.15
0,0.7589850746268656,0.7447916666666666,0.736019529167485,0.7505562141661288,0.8059701492537313,0.6,0.712,0.7161835807937802,,,0,44,,pima,lr,43,hidden_minority_medium,20,0.1,0.15
0,0.7624477611940299,0.7447916666666666,0.7370230607966457,0.7506769741439553,0.8208955223880597,0.5978260869565217,0.704,0.7364416200411291,,,0,44,,pima,lr,43,hidden_minority_medium,30,0.1,0.15
0,0.749910447761194,0.7239583333333334,0.7183893731838937,0.7303523246160232,0.835820895522388,0.5714285714285714,0.664,0.7347614512916552,,,0,44,,pima,lr,43,hidden_minority_medium,50,0.1,0.15
0,0.769910447761194,0.75,0.7428571428571429,0.7558035714285714,0.835820895522388,0.6021505376344086,0.704,0.7395516230617812,,,0,44,,pima,lr,43,hidden_minority_medium,100,0.1,0.15
0,0.7283582089552239,0.75,0.7267552182163188,0.7508301707779886,0.6567164179104478,0.6376811594202898,0.8,0.7227747925462997,,,0,44,,pima,lr,47,hidden_minority_medium,10,0.1,0.15
0,0.7587462686567163,0.7760416666666666,0.7560211590177015,0.7771336943566102,0.7014925373134329,0.6714285714285714,0.816,0.7490742176478535,,,0,44,,pima,lr,47,hidden_minority_medium,20,0.1,0.15
0,0.7496716417910447,0.7552083333333334,0.7396046746501226,0.7588602534506804,0.7313432835820896,0.6282051282051282,0.768,0.7518038655124194,,,0,44,,pima,lr,47,hidden_minority_medium,30,0.1,0.15
0,0.7462089552238806,0.7552083333333334,0.7381539622203523,0.7583407688438809,0.7164179104477612,0.631578947368421,0.776,0.7564231080450602,,,0,44,,pima,lr,47,hidden_minority_medium,50,0.1,0.15
0,0.7656716417910447,0.7760416666666666,0.7590403642413099,0.7783751787642647,0.7313432835820896,0.6621621621621622,0.8,0.7582403059964979,,,0,44,,pima,lr,47,hidden_minority_medium,100,0.1,0.15
0,0.6526567164179105,0.6875,0.6536796536796536,0.6863726551226551,0.5373134328358209,0.5538461538461539,0.768,0.6268498022855071,,,0,44,,pima,lr,53,hidden_minority_medium,10,0.1,0.15
0,0.6755820895522389,0.7083333333333334,0.6767676767676768,0.7072811447811448,0.5671641791044776,0.5846153846153846,0.784,0.6138155379244449,,,0,44,,pima,lr,53,hidden_minority_medium,20,0.1,0.15
0,0.6571940298507463,0.6979166666666666,0.66015625,0.6943766276041666,0.5223880597014925,0.5737704918032787,0.792,0.6016291341469577,,,0,44,,pima,lr,53,hidden_minority_medium,30,0.1,0.15
0,0.650268656716418,0.6979166666666666,0.6545905707196029,0.6915451819685691,0.4925373134328358,0.5789473684210527,0.808,0.6310431913936629,,,0,44,,pima,lr,53,hidden_minority_medium,50,0.1,0.15
0,0.6657313432835821,0.7135416666666666,0.6710587795533127,0.7067690324891754,0.5074626865671642,0.6071428571428571,0.824,0.6444619068335387,,,0,44,,pima,lr,53,hidden_minority_medium,100,0.1,0.15
0,0.6533333333333333,0.712,0.6544840294840295,0.7108722358722358,0.5066666666666667,0.5205479452054794,0.8,0.584423440668119,,,0,62,,credit-g,lr,13,hidden_minority_medium,10,0.1,0.15
0,0.6428571428571429,0.724,0.649923896499239,0.714337899543379,0.44,0.55,0.8457142857142858,0.5623549631010492,,,0,62,,credit-g,lr,13,hidden_minority_medium,20,0.1,0.15
0,0.6590476190476191,0.72,0.6614039161055646,0.7177463044655986,0.5066666666666667,0.5352112676056338,0.8114285714285714,0.5832238876593832,,,0,62,,credit-g,lr,13,hidden_minority_medium,30,0.1,0.15
0,0.6409523809523809,0.732,0.6500135815625065,0.7177709521720053,0.41333333333333333,0.5740740740740741,0.8685714285714285,0.5614436438138929,,,0,62,,credit-g,lr,13,hidden_minority_medium,50,0.1,0.15
0,0.6371428571428571,0.716,0.6430797691580704,0.7076109468942913,0.44,0.532258064516129,0.8342857142857143,0.5566017221363144,,,0,62,,credit-g,lr,13,hidden_minority_medium,100,0.1,0.15
0,0.6390476190476191,0.676,0.6313557007882616,0.6826709872385357,0.5466666666666666,0.4659090909090909,0.7314285714285714,0.5071437179518188,,,0,62,,credit-g,lr,17,hidden_minority_medium,10,0.1,0.15
0,0.6295238095238096,0.668,0.6222533724126632,0.6748357029728204,0.5333333333333333,0.45454545454545453,0.7257142857142858,0.49845753184417013,,,0,62,,credit-g,lr,17,hidden_minority_medium,20,0.1,0.15
0,0.6638095238095238,0.684,0.6489450576796602,0.6933184023889511,0.6133333333333333,0.4791666666666667,0.7142857142857143,0.5202318044225243,,,0,62,,credit-g,lr,17,hidden_minority_medium,30,0.1,0.15
0,0.6676190476190476,0.684,0.6508811935443954,0.6938926304997259,0.6266666666666667,0.47959183673469385,0.7085714285714285,0.517154018292919,,,0,62,,credit-g,lr,17,hidden_minority_medium,50,0.1,0.15
0,0.6228571428571429,0.648,0.6100397050482133,0.6587067498581962,0.56,0.4329896907216495,0.6857142857142857,0.5059388489342147,,,0,62,,credit-g,lr,17,hidden_minority_medium,100,0.1,0.15
0,0.5942857142857143,0.624,0.5834515031196823,0.635436755530346,0.52,0.4020618556701031,0.6685714285714286,0.45531683628836,,,0,62,,credit-g,lr,23,hidden_minority_medium,10,0.1,0.15
0,0.6104761904761905,0.668,0.609161628147897,0.6698197434593434,0.4666666666666667,0.44871794871794873,0.7542857142857143,0.46845842940028526,,,0,62,,credit-g,lr,23,hidden_minority_medium,20,0.1,0.15
0,0.6333333333333333,0.684,0.6306685366993923,0.6868069191210847,0.5066666666666667,0.475,0.76,0.4826817097830036,,,0,62,,credit-g,lr,23,hidden_minority_medium,30,0.1,0.15
0,0.5866666666666667,0.656,0.5873003685503686,0.6546529484029484,0.41333333333333333,0.4246575342465753,0.76,0.46530798634238546,,,0,62,,credit-g,lr,23,hidden_minority_medium,50,0.1,0.15
0,0.6066666666666667,0.668,0.606254388128807,0.668623693049204,0.4533333333333333,0.4473684210526316,0.76,0.45940765869407363,,,0,62,,credit-g,lr,23,hidden_minority_medium,100,0.1,0.15
0,0.5761904761904761,0.604,0.5648351648351648,0.6170549450549451,0.5066666666666667,0.38,0.6457142857142857,0.41727932770464926,,,0,62,,credit-g,lr,29,hidden_minority_medium,10,0.1,0.15
0,0.6019047619047619,0.624,0.5878928170594837,0.6366863075196408,0.5466666666666666,0.40594059405940597,0.6571428571428571,0.4356605016202449,,,0,62,,credit-g,lr,29,hidden_minority_medium,20,0.1,0.15
0,0.6114285714285714,0.632,0.5966610549943883,0.6444163860830526,0.56,0.4158415841584158,0.6628571428571428,0.4576182696324507,,,0,62,,credit-g,lr,29,hidden_minority_medium,30,0.1,0.15
0,0.6247619047619047,0.656,0.6145295467584624,0.6651032702237522,0.5466666666666666,0.44086021505376344,0.7028571428571428,0.4427487603333511,,,0,62,,credit-g,lr,29,hidden_minority_medium,50,0.1,0.15
0,0.6133333333333333,0.64,0.6011769710720363,0.6509500850822463,0.5466666666666666,0.422680412371134,0.68,0.4519453332219143,,,0,62,,credit-g,lr,29,hidden_minority_medium,100,0.1,0.15
0,0.64,0.688,0.6366279069767442,0.6912790697674419,0.52,0.48148148148148145,0.76,0.5343017179103734,,,0,62,,credit-g,lr,31,hidden_minority_medium,10,0.1,0.15
0,0.6542857142857142,0.676,0.6400575907854743,0.6855543113101903,0.6,0.46875,0.7085714285714285,0.5347450525629796,,,0,62,,credit-g,lr,31,hidden_minority_medium,20,0.1,0.15
0,0.641904761904762,0.664,0.6277651730005672,0.6742200794100964,0.5866666666666667,0.4536082474226804,0.6971428571428572,0.5309339747339014,,,0,62,,credit-g,lr,31,hidden_minority_medium,30,0.1,0.15
0,0.6504761904761904,0.66,0.6301710785081536,0.6721836439896274,0.6266666666666667,0.4519230769230769,0.6742857142857143,0.5391633313121694,,,0,62,,credit-g,lr,31,hidden_minority_medium,50,0.1,0.15
0,0.6428571428571429,0.676,0.6336499321573947,0.6834735413839891,0.56,0.4666666666666667,0.7257142857142858,0.5468153504843422,,,0,62,,credit-g,lr,31,hidden_minority_medium,100,0.1,0.15
0,0.638095238095238,0.664,0.625668449197861,0.6735828877005348,0.5733333333333334,0.45263157894736844,0.7028571428571428,0.5398184296670917,,,0,62,,credit-g,lr,37,hidden_minority_medium,10,0.1,0.15
0,0.6495238095238096,0.68,0.6392756655363971,0.6877570160883052,0.5733333333333334,0.4725274725274725,0.7257142857142858,0.5600584352326974,,,0,62,,credit-g,lr,37,hidden_minority_medium,20,0.1,0.15
0,0.6390476190476191,0.66,0.6243658411553623,0.6706439695250216,0.5866666666666667,0.4489795918367347,0.6914285714285714,0.5613870969931082,,,0,62,,credit-g,lr,37,hidden_minority_medium,30,0.1,0.15
0,0.6419047619047619,0.68,0.6347432244868143,0.6861713784790707,0.5466666666666666,0.47126436781609193,0.7371428571428571,0.5404014346720303,,,0,62,,credit-g,lr,37,hidden_minority_medium,50,0.1,0.15
0,0.6304761904761904,0.664,0.6212394488132169,0.6721448668927206,0.5466666666666666,0.45054945054945056,0.7142857142857143,0.5359494661289166,,,0,62,,credit-g,lr,37,hidden_minority_medium,100,0.1,0.15
0,0.6857142857142857,0.688,0.6614583333333333,0.699375,0.68,0.4857142857142857,0.6914285714285714,0.5036857203464764,,,0,62,,credit-g,lr,41,hidden_minority_medium,10,0.1,0.15
0,0.6838095238095239,0.696,0.6650447782243847,0.7057753331922995,0.6533333333333333,0.494949494949495,0.7142857142857143,0.4942182318666459,,,0,62,,credit-g,lr,41,hidden_minority_medium,20,0.1,0.15
0,0.680952380952381,0.692,0.6615384615384616,0.7021538461538462,0.6533333333333333,0.49,0.7085714285714285,0.5129329758451757,,,0,62,,credit-g,lr,41,hidden_minority_medium,30,0.1,0.15
0,0.6933333333333334,0.688,0.6646257567418823,0.7000412768299396,0.7066666666666667,0.48623853211009177,0.68,0.5117032183763103,,,0,62,,credit-g,lr,41,hidden_minority_medium,50,0.1,0.15
0,0.6704761904761904,0.688,0.6543533749290982,0.6974900737379467,0.6266666666666667,0.4845360824742268,0.7142857142857143,0.5053354702872455,,,0,62,,credit-g,lr,41,hidden_minority_medium,100,0.1,0.15
0,0.5952380952380952,0.588,0.5670449768810424,0.6051450189155108,0.6133333333333333,0.38333333333333336,0.5771428571428572,0.514844228982299,,,0,62,,credit-g,lr,43,hidden_minority_medium,10,0.1,0.15
0,0.5933333333333334,0.58,0.5617622998714503,0.59752249620194,0.6266666666666667,0.3790322580645161,0.56,0.5083834884494711,,,0,62,,credit-g,lr,43,hidden_minority_medium,20,0.1,0.15
0,0.6047619047619048,0.596,0.5754518705338377,0.61281210592686,0.6266666666666667,0.39166666666666666,0.5828571428571429,0.5326672242237381,,,0,62,,credit-g,lr,43,hidden_minority_medium,30,0.1,0.15
0,0.6152380952380951,0.616,0.5908346972176759,0.6314238952536824,0.6133333333333333,0.40707964601769914,0.6171428571428571,0.5269227381007014,,,0,62,,credit-g,lr,43,hidden_minority_medium,50,0.1,0.15
0,0.6247619047619049,0.624,0.5993589743589743,0.639102564102564,0.6266666666666667,0.415929203539823,0.6228571428571429,0.5204809231264615,,,0,62,,credit-g,lr,43,hidden_minority_medium,100,0.1,0.15
0,0.699047619047619,0.712,0.680941576857629,0.720760068065797,0.6666666666666666,0.5154639175257731,0.7314285714285714,0.5314720745982306,,,0,62,,credit-g,lr,47,hidden_minority_medium,10,0.1,0.15
0,0.7114285714285714,0.708,0.6839224787405394,0.7188174370875838,0.72,0.5094339622641509,0.7028571428571428,0.5346614952776825,,,0,62,,credit-g,lr,47,hidden_minority_medium,20,0.1,0.15
0,0.7,0.692,0.6696696696696697,0.7040240240240241,0.72,0.4909090909090909,0.68,0.530788674007601,,,0,62,,credit-g,lr,47,hidden_minority_medium,30,0.1,0.15
0,0.7085714285714286,0.72,0.6898043108338061,0.728516732841747,0.68,0.5257731958762887,0.7371428571428571,0.5424102677991696,,,0,62,,credit-g,lr,47,hidden_minority_medium,50,0.1,0.15
0,0.6761904761904762,0.696,0.661319073083779,0.7046702317290552,0.6266666666666667,0.49473684210526314,0.7257142857142858,0.533207790850382,,,0,62,,credit-g,lr,47,hidden_minority_medium,100,0.1,0.15
0,0.6361904761904762,0.64,0.6130297193175565,0.6538937809576225,0.6266666666666667,0.43119266055045874,0.6457142857142857,0.4642483694060269,,,0,62,,credit-g,lr,53,hidden_minority_medium,10,0.1,0.15
0,0.6409523809523809,0.652,0.6214692215318749,0.664470317965854,0.6133333333333333,0.4423076923076923,0.6685714285714286,0.4921783317056093,,,0,62,,credit-g,lr,53,hidden_minority_medium,20,0.1,0.15
0,0.6314285714285715,0.644,0.6127673645555962,0.6567569919420805,0.6,0.4326923076923077,0.6628571428571428,0.4982251215165873,,,0,62,,credit-g,lr,53,hidden_minority_medium,30,0.1,0.15
0,0.6533333333333333,0.664,0.633610161211529,0.6758182706399608,0.6266666666666667,0.4563106796116505,0.68,0.502184867379115,,,0,62,,credit-g,lr,53,hidden_minority_medium,50,0.1,0.15
0,0.6476190476190476,0.656,0.6267361111111112,0.6685416666666666,0.6266666666666667,0.44761904761904764,0.6685714285714286,0.5188341307933759,,,0,62,,credit-g,lr,53,hidden_minority_medium,100,0.1,0.15
0,0.755288207297726,0.8221024258760108,0.7186034752229475,0.8331423139456708,0.6557377049180327,0.47058823529411764,0.8548387096774194,0.5527073608379429,,,0,109,,yeast,lr,13,hidden_minority_medium,10,0.1,0.15
0,0.7570333157059757,0.8140161725067385,0.7131475442901805,0.8273124916807394,0.6721311475409836,0.45555555555555555,0.8419354838709677,0.556492134740831,,,0,109,,yeast,lr,13,hidden_minority_medium,20,0.1,0.15
0,0.7569011105235325,0.8247978436657682,0.721423207993993,0.8353182711898869,0.6557377049180327,0.47619047619047616,0.8580645161290322,0.5530593307904195,,,0,109,,yeast,lr,13,hidden_minority_medium,30,0.1,0.15
0,0.7633527234267583,0.8355795148247979,0.7329391911825445,0.8440584980822015,0.6557377049180327,0.5,0.8709677419354839,0.5572826821697705,,,0,109,,yeast,lr,13,hidden_minority_medium,50,0.1,0.15
0,0.7601269169751455,0.8301886792452831,0.7271326336434851,0.8396806834454487,0.6557377049180327,0.4878048780487805,0.864516129032258,0.5577508040638521,,,0,109,,yeast,lr,13,hidden_minority_medium,100,0.1,0.15
0,0.8056848228450555,0.8733153638814016,0.7847204217440151,0.8774100880978355,0.7049180327868853,0.5972222222222222,0.9064516129032258,0.6228304962645247,,,0,109,,yeast,lr,17,hidden_minority_medium,10,0.1,0.15
0,0.794130089899524,0.876010781671159,0.7828532166123778,0.8783109684627339,0.6721311475409836,0.6119402985074627,0.9161290322580645,0.623059760042342,,,0,109,,yeast,lr,17,hidden_minority_medium,20,0.1,0.15
0,0.7989687995769434,0.8840970350404312,0.7931539708265802,0.8852060967991368,0.6721311475409836,0.640625,0.9258064516129032,0.6198006219931466,,,0,109,,yeast,lr,17,hidden_minority_medium,30,0.1,0.15
0,0.7939978847170809,0.8867924528301887,0.7939978847170809,0.8867924528301887,0.6557377049180327,0.6557377049180327,0.932258064516129,0.6217055074906308,,,0,109,,yeast,lr,17,hidden_minority_medium,50,0.1,0.15
0,0.7907720782654679,0.8814016172506739,0.7869819396596722,0.8821661490530301,0.6557377049180327,0.6349206349206349,0.9258064516129032,0.6185930027685597,,,0,109,,yeast,lr,17,hidden_minority_medium,100,0.1,0.15
0,0.7202273929138022,0.862533692722372,0.7337957426453001,0.8580428339987533,0.5081967213114754,0.5961538461538461,0.932258064516129,0.5777165593854419,,,0,109,,yeast,lr,23,hidden_minority_medium,10,0.1,0.15
0,0.7481755684822845,0.8652291105121294,0.7514737406216506,0.8643226932221654,0.5737704918032787,0.5932203389830508,0.9225806451612903,0.5831218947237421,,,0,109,,yeast,lr,23,hidden_minority_medium,20,0.1,0.15
0,0.7301692226335272,0.8571428571428571,0.7347748087999244,0.8556860946625842,0.5409836065573771,0.5689655172413793,0.9193548387096774,0.5719175468629649,,,0,109,,yeast,lr,23,hidden_minority_medium,30,0.1,0.15
0,0.7301692226335272,0.8571428571428571,0.7347748087999244,0.8556860946625842,0.5409836065573771,0.5689655172413793,0.9193548387096774,0.5806500026652831,,,0,109,,yeast,lr,23,hidden_minority_medium,50,0.1,0.15
0,0.7333950290851401,0.862533692722372,0.741251282051282,0.8601462436934135,0.5409836065573771,0.5892857142857143,0.9258064516129032,0.5803698353594646,,,0,109,,yeast,lr,23,hidden_minority_medium,100,0.1,0.15
0,0.7531464833421471,0.862533692722372,0.7514874502541471,0.8629814598290986,0.5901639344262295,0.5806451612903226,0.9161290322580645,0.6299514258589196,,,0,109,,yeast,lr,29,hidden_minority_medium,10,0.1,0.15
0,0.7432046536224219,0.8679245283018868,0.7513982905982906,0.8656307047250442,0.5573770491803278,0.6071428571428571,0.9290322580645162,0.6214210696711153,,,0,109,,yeast,lr,29,hidden_minority_medium,20,0.1,0.15
0,0.7530142781597038,0.8733153638814016,0.7615452991452991,0.8711151657566751,0.5737704918032787,0.625,0.932258064516129,0.6286736992043146,,,0,109,,yeast,lr,29,hidden_minority_medium,30,0.1,0.15
0,0.7515335801163405,0.8598382749326146,0.7482513832341581,0.8607418125172176,0.5901639344262295,0.5714285714285714,0.9129032258064517,0.6350576053816261,,,0,109,,yeast,lr,29,hidden_minority_medium,50,0.1,0.15
0,0.7530142781597038,0.8733153638814016,0.7615452991452991,0.8711151657566751,0.5737704918032787,0.625,0.932258064516129,0.6309807178885943,,,0,109,,yeast,lr,29,hidden_minority_medium,100,0.1,0.15
0,0.7450819672131148,0.8490566037735849,0.7356473941368078,0.8518568311720238,0.5901639344262295,0.5373134328358209,0.9,0.5539436935093348,,,0,109,,yeast,lr,31,hidden_minority_medium,10,0.1,0.15
0,0.7368852459016393,0.8463611859838275,0.7292490877664682,0.8487610240620519,0.5737704918032787,0.5303030303030303,0.9,0.5452648048182238,,,0,109,,yeast,lr,31,hidden_minority_medium,20,0.1,0.15
0,0.7352723426758329,0.8436657681940701,0.7262062296416938,0.8465660037138818,0.5737704918032787,0.5223880597014925,0.896774193548387,0.5469191819743232,,,0,109,,yeast,lr,31,hidden_minority_medium,30,0.1,0.15
0,0.7352723426758329,0.8436657681940701,0.7262062296416938,0.8465660037138818,0.5737704918032787,0.5223880597014925,0.896774193548387,0.5537732534168069,,,0,109,,yeast,lr,31,hidden_minority_medium,50,0.1,0.15
0,0.7368852459016393,0.8463611859838275,0.7292490877664682,0.8487610240620519,0.5737704918032787,0.5303030303030303,0.9,0.553012624639663,,,0,109,,yeast,lr,31,hidden_minority_medium,100,0.1,0.15
0,0.7669751454257007,0.8086253369272237,0.7132015896347106,0.8242320245685225,0.7049180327868853,0.4479166666666667,0.8290322580645161,0.5050625848523127,,,0,109,,yeast,lr,37,hidden_minority_medium,10,0.1,0.15
0,0.7603913273400318,0.8086253369272237,0.7104907402319064,0.8236181225334528,0.6885245901639344,0.44680851063829785,0.832258064516129,0.4959778151055242,,,0,109,,yeast,lr,37,hidden_minority_medium,20,0.1,0.15
0,0.7554204124801692,0.8113207547169812,0.7104148082069581,0.8251434871156144,0.6721311475409836,0.45054945054945056,0.8387096774193549,0.49696593754637264,,,0,109,,yeast,lr,37,hidden_minority_medium,30,0.1,0.15
0,0.7602591221575885,0.8194070080862533,0.7186753737677829,0.8316581528006619,0.6721311475409836,0.4659090909090909,0.8483870967741935,0.49634701475458753,,,0,109,,yeast,lr,37,hidden_minority_medium,50,0.1,0.15
0,0.7554204124801692,0.8113207547169812,0.7104148082069581,0.8251434871156144,0.6721311475409836,0.45054945054945056,0.8387096774193549,0.5033152439128087,,,0,109,,yeast,lr,37,hidden_minority_medium,100,0.1,0.15
0,0.7699365415124273,0.8355795148247979,0.735795089718295,0.8447701855582914,0.6721311475409836,0.5,0.867741935483871,0.5735273734592047,,,0,109,,yeast,lr,41,hidden_minority_medium,10,0.1,0.15
0,0.7747752511898467,0.8436657681940701,0.7446843853820598,0.8513786032183828,0.6721311475409836,0.5189873417721519,0.8774193548387097,0.5826131041322352,,,0,109,,yeast,lr,41,hidden_minority_medium,20,0.1,0.15
0,0.7683236382866208,0.8328840970350404,0.7328827573392791,0.8425758568293431,0.6721311475409836,0.4939759036144578,0.864516129032258,0.5833196105130993,,,0,109,,yeast,lr,41,hidden_minority_medium,30,0.1,0.15
0,0.7699365415124273,0.8355795148247979,0.735795089718295,0.8447701855582914,0.6721311475409836,0.5,0.867741935483871,0.5799637278471843,,,0,109,,yeast,lr,41,hidden_minority_medium,50,0.1,0.15
0,0.7731623479640402,0.8409703504043127,0.74169528327492,0.8491713342106536,0.6721311475409836,0.5125,0.8741935483870967,0.5796964627716084,,,0,109,,yeast,lr,41,hidden_minority_medium,100,0.1,0.15
0,0.7417239555790587,0.8544474393530997,0.7385687441277795,0.8553857283832642,0.5737704918032787,0.5555555555555556,0.9096774193548387,0.5485660057751196,,,0,109,,yeast,lr,43,hidden_minority_medium,10,0.1,0.15
0,0.7171337916446325,0.8463611859838275,0.7185690901105921,0.8458500176003345,0.5245901639344263,0.5333333333333333,0.9096774193548387,0.5534729524497403,,,0,109,,yeast,lr,43,hidden_minority_medium,20,0.1,0.15
0,0.708937070333157,0.8436657681940701,0.7117095391211148,0.8426143241377119,0.5081967213114754,0.5254237288135594,0.9096774193548387,0.5412586885179896,,,0,109,,yeast,lr,43,hidden_minority_medium,30,0.1,0.15
0,0.6957694341618191,0.8436657681940701,0.7036741214057508,0.8403718470931684,0.47540983606557374,0.5272727272727272,0.9161290322580645,0.5490029450535785,,,0,109,,yeast,lr,43,hidden_minority_medium,50,0.1,0.15
0,0.7039661554732946,0.8463611859838275,0.7108102564102564,0.843692860598521,0.4918032786885246,0.5357142857142857,0.9161290322580645,0.5361049157404827,,,0,109,,yeast,lr,43,hidden_minority_medium,100,0.1,0.15
0,0.7253305129561078,0.8490566037735849,0.7253305129561078,0.8490566037735849,0.5409836065573771,0.5409836065573771,0.9096774193548387,0.5274534116109085,,,0,109,,yeast,lr,47,hidden_minority_medium,10,0.1,0.15
0,0.725462718138551,0.8382749326145552,0.7167650651465798,0.8412751762557398,0.5573770491803278,0.5074626865671642,0.8935483870967742,0.5221000364687371,,,0,109,,yeast,lr,47,hidden_minority_medium,20,0.1,0.15
0,0.722104706504495,0.8436657681940701,0.7192034659150224,0.8446735601153578,0.5409836065573771,0.5238095238095238,0.9032258064516129,0.5231331286905174,,,0,109,,yeast,lr,47,hidden_minority_medium,30,0.1,0.15
0,0.728688524590164,0.8436657681940701,0.7227633477633477,0.8456396852623269,0.5573770491803278,0.5230769230769231,0.9,0.535439140780551,,,0,109,,yeast,lr,47,hidden_minority_medium,50,0.1,0.15
0,0.7319143310417768,0.8490566037735849,0.7288861050214009,0.8500296442493109,0.5573770491803278,0.5396825396825397,0.9064516129032258,0.5282117258992313,,,0,109,,yeast,lr,47,hidden_minority_medium,100,0.1,0.15
0,0.7371496562665256,0.8247978436657682,0.7122898695968598,0.8330419624553003,0.6065573770491803,0.47435897435897434,0.867741935483871,0.48167357607119804,,,0,109,,yeast,lr,53,hidden_minority_medium,10,0.1,0.15
0,0.7566367001586463,0.8463611859838275,0.7389162561576355,0.8513271281186515,0.6229508196721312,0.5277777777777778,0.8903225806451613,0.5164372030414718,,,0,109,,yeast,lr,53,hidden_minority_medium,20,0.1,0.15
0,0.7484399788471708,0.8436657681940701,0.7327620466964728,0.8483060912692834,0.6065573770491803,0.5211267605633803,0.8903225806451613,0.5172668606615258,,,0,109,,yeast,lr,53,hidden_minority_medium,30,0.1,0.15
0,0.7450819672131148,0.8490566037735849,0.7356473941368078,0.8518568311720238,0.5901639344262295,0.5373134328358209,0.9,0.5275463158734699,,,0,109,,yeast,lr,53,hidden_minority_medium,50,0.1,0.15
0,0.7516657852987837,0.8490566037735849,0.7388637506284566,0.8527144578198961,0.6065573770491803,0.5362318840579711,0.896774193548387,0.5179142343445705,,,0,109,,yeast,lr,53,hidden_minority_medium,100,0.1,0.15
0,0.6538830715532287,0.7520355292376018,0.6658915329561016,0.7360875882350499,0.4166666666666667,0.6133828996282528,0.8910994764397906,0.6057752196139052,,,0,337,,phoneme,lr,13,hidden_minority_medium,10,0.1,0.15
0,0.6527434026125125,0.7483345669874167,0.66394805073189,0.7336261343165864,0.4217171717171717,0.6007194244604317,0.8837696335078534,0.6016882025910392,,,0,337,,phoneme,lr,13,hidden_minority_medium,20,0.1,0.15
0,0.6614892379290285,0.7512953367875648,0.67239786610009,0.7389192629542354,0.4444444444444444,0.6027397260273972,0.8785340314136125,0.6007003118160985,,,0,337,,phoneme,lr,13,hidden_minority_medium,30,0.1,0.15
0,0.6645380506637051,0.7535159141376758,0.6756330585591335,0.7413981888739449,0.4494949494949495,0.6075085324232082,0.8795811518324608,0.6014246706967117,,,0,337,,phoneme,lr,13,hidden_minority_medium,50,0.1,0.15
0,0.6586559310381299,0.7483345669874167,0.6691301466562941,0.736112402276714,0.44191919191919193,0.5952380952380952,0.875392670157068,0.59693472480335,,,0,337,,phoneme,lr,13,hidden_minority_medium,100,0.1,0.15
0,0.6581277822663688,0.7549962990377498,0.6705472816417344,0.7393164376206534,0.42317380352644834,0.6222222222222222,0.8930817610062893,0.6273738798751762,,,0,337,,phoneme,lr,17,hidden_minority_medium,10,0.1,0.15
0,0.6556088905787114,0.7535159141376758,0.667886210371289,0.7374135354410812,0.4181360201511335,0.6194029850746269,0.8930817610062893,0.630592120438106,,,0,337,,phoneme,lr,17,hidden_minority_medium,20,0.1,0.15
0,0.655296009378515,0.7520355292376018,0.6672357520934477,0.7364930480894798,0.42065491183879095,0.6139705882352942,0.889937106918239,0.6313014963899451,,,0,337,,phoneme,lr,17,hidden_minority_medium,30,0.1,0.15
0,0.6576036732516938,0.7542561065877128,0.6698844199506591,0.7386911980719459,0.42317380352644834,0.6199261992619927,0.8920335429769392,0.6295012945726373,,,0,337,,phoneme,lr,17,hidden_minority_medium,50,0.1,0.15
0,0.6572907920514973,0.7527757216876387,0.6692220853858785,0.7377631390236995,0.4256926952141058,0.6145454545454545,0.8888888888888888,0.6312855602829306,,,0,337,,phoneme,lr,17,hidden_minority_medium,100,0.1,0.15
0,0.705908834075271,0.765358993338268,0.7105241990811493,0.7624680433009028,0.5617128463476071,0.6092896174863388,0.850104821802935,0.5646850263895693,,,0,337,,phoneme,lr,23,hidden_minority_medium,10,0.1,0.15
0,0.7051734972461173,0.765358993338268,0.7100624804938864,0.7622661375351077,0.5591939546599496,0.6098901098901099,0.8511530398322851,0.5690944565933234,,,0,337,,phoneme,lr,23,hidden_minority_medium,20,0.1,0.15
0,0.7039140514022886,0.764618800888231,0.7089151173505339,0.7614141896525597,0.5566750629722922,0.6088154269972452,0.8511530398322851,0.5650094297981053,,,0,337,,phoneme,lr,23,hidden_minority_medium,30,0.1,0.15
0,0.7115803008940218,0.7660991857883049,0.7143564462429478,0.7644794130721024,0.5793450881612091,0.6068601583113457,0.8438155136268344,0.560415121234782,,,0,337,,phoneme,lr,23,hidden_minority_medium,50,0.1,0.15
0,0.7117915287085004,0.765358993338268,0.7141107210398814,0.7640150701136599,0.5818639798488665,0.6047120418848168,0.8417190775681341,0.5599886376803616,,,0,337,,phoneme,lr,23,hidden_minority_medium,100,0.1,0.15
0,0.6432256599549029,0.7453737971872687,0.6544530957238622,0.7275307735234544,0.3954659949622166,0.6015325670498084,0.8909853249475891,0.5995704586250505,,,0,337,,phoneme,lr,29,hidden_minority_medium,10,0.1,0.15
0,0.640917996081724,0.7431532198371577,0.6517981753454002,0.72533106520365,0.3929471032745592,0.5954198473282443,0.8888888888888888,0.5993556862251285,,,0,337,,phoneme,lr,29,hidden_minority_medium,20,0.1,0.15
0,0.62443562568319,0.7364914877868246,0.6339689613813342,0.7138361602734435,0.3526448362720403,0.5857740585774058,0.8962264150943396,0.5989432685554835,,,0,337,,phoneme,lr,29,hidden_minority_medium,30,0.1,0.15
0,0.6234890610395577,0.7372316802368616,0.6329930877004226,0.7136332210931955,0.34760705289672544,0.5897435897435898,0.89937106918239,0.5974054969475782,,,0,337,,phoneme,lr,29,hidden_minority_medium,50,0.1,0.15
0,0.6189753866789178,0.7350111028867505,0.6278340012434824,0.7101755814025175,0.33753148614609574,0.5851528384279476,0.90041928721174,0.5971421907714489,,,0,337,,phoneme,lr,29,hidden_minority_medium,100,0.1,0.15
0,0.6993058860859908,0.7660991857883049,0.7064497497112052,0.7612018593451934,0.5378787878787878,0.615606936416185,0.8607329842931937,0.6255482598301585,,,0,337,,phoneme,lr,31,hidden_minority_medium,10,0.1,0.15
0,0.659272039769422,0.7512953367875648,0.6704973723178769,0.7380101707312633,0.43686868686868685,0.6048951048951049,0.881675392670157,0.6300562794552913,,,0,337,,phoneme,lr,31,hidden_minority_medium,20,0.1,0.15
0,0.6523123909249564,0.7498149518874907,0.6639184757329,0.7342202768608886,0.4166666666666667,0.6066176470588235,0.8879581151832461,0.6314649473991166,,,0,337,,phoneme,lr,31,hidden_minority_medium,30,0.1,0.15
0,0.6628444127135227,0.7542561065877128,0.674420022647426,0.7411290972701768,0.44191919191919193,0.6118881118881119,0.8837696335078534,0.6324814503909713,,,0,337,,phoneme,lr,31,hidden_minority_medium,50,0.1,0.15
0,0.6728528742926648,0.7579570688378978,0.6838771078043772,0.7471962182290531,0.4671717171717172,0.6146179401993356,0.8785340314136125,0.6321417361156518,,,0,337,,phoneme,lr,31,hidden_minority_medium,100,0.1,0.15
0,0.6718958752488527,0.7505551443375278,0.6806744673255355,0.7422623424769274,0.4811083123425693,0.593167701863354,0.8626834381551363,0.5792931037342488,,,0,337,,phoneme,lr,37,hidden_minority_medium,10,0.1,0.15
0,0.6654890716009484,0.7498149518874907,0.6753585972335973,0.7394578082725751,0.4609571788413098,0.5960912052117264,0.870020964360587,0.584862829197965,,,0,337,,phoneme,lr,37,hidden_minority_medium,20,0.1,0.15
0,0.668430418917563,0.7498149518874907,0.6777158263226244,0.7405627949292449,0.47103274559193953,0.5936507936507937,0.8658280922431866,0.5867869225714961,,,0,337,,phoneme,lr,37,hidden_minority_medium,30,0.1,0.15
0,0.6646520813860769,0.7475943745373798,0.6739710283594839,0.7378467352459137,0.4634760705289673,0.5897435897435898,0.8658280922431866,0.5850039031845952,,,0,337,,phoneme,lr,37,hidden_minority_medium,50,0.1,0.15
0,0.6637055167424446,0.7483345669874167,0.6734376421876422,0.73791613849904,0.45843828715365237,0.5928338762214984,0.8689727463312369,0.5830958839206379,,,0,337,,phoneme,lr,37,hidden_minority_medium,100,0.1,0.15
0,0.6964725791950923,0.7631384159881569,0.7032301997869232,0.758401028216066,0.5353535353535354,0.6091954022988506,0.8575916230366493,0.5546592163763725,,,0,337,,phoneme,lr,41,hidden_minority_medium,10,0.1,0.15
0,0.6888968216193347,0.7586972612879349,0.6961389013075467,0.7531864106534472,0.5202020202020202,0.6023391812865497,0.8575916230366493,0.5597354583369216,,,0,337,,phoneme,lr,41,hidden_minority_medium,20,0.1,0.15
0,0.6828917446718494,0.7564766839378239,0.6909728522989022,0.7498420514727884,0.5050505050505051,0.6006006006006006,0.8607329842931937,0.5586723795036541,,,0,337,,phoneme,lr,41,hidden_minority_medium,30,0.1,0.15
0,0.6843698767782538,0.7564766839378239,0.6920348623306545,0.7503244711953918,0.51010101010101,0.599406528189911,0.8586387434554974,0.5620232185833346,,,0,337,,phoneme,lr,41,hidden_minority_medium,50,0.1,0.15
0,0.6975196996139404,0.764618800888231,0.7045918367346939,0.7596904787081377,0.5353535353535354,0.6127167630057804,0.8596858638743455,0.5590256436410185,,,0,337,,phoneme,lr,41,hidden_minority_medium,100,0.1,0.15
0,0.6659236342482416,0.7512953367875648,0.676083916083916,0.7406663802518725,0.4595959595959596,0.5986842105263158,0.8722513089005236,0.5508780720426936,,,0,337,,phoneme,lr,43,hidden_minority_medium,10,0.1,0.15
0,0.6609656777196045,0.7505551443375278,0.671736758962246,0.7382918608123706,0.4444444444444444,0.6006825938566553,0.8774869109947644,0.5453136463872399,,,0,337,,phoneme,lr,43,hidden_minority_medium,20,0.1,0.15
0,0.6759320958273838,0.7549962990377498,0.6852400744700695,0.746550969962732,0.48484848484848486,0.6018808777429467,0.8670157068062827,0.5374496302845324,,,0,337,,phoneme,lr,43,hidden_minority_medium,30,0.1,0.15
0,0.6716206568300809,0.7520355292376018,0.6808639664014633,0.7432227495133779,0.4772727272727273,0.5962145110410094,0.8659685863874346,0.5437416326150591,,,0,337,,phoneme,lr,43,hidden_minority_medium,50,0.1,0.15
0,0.6897284361944047,0.7609178386380459,0.697651247820065,0.7548778243042904,0.5176767676767676,0.6083086053412463,0.8617801047120419,0.5418572445044262,,,0,337,,phoneme,lr,43,hidden_minority_medium,100,0.1,0.15
0,0.6435385411550993,0.7468541820873427,0.6550360163417431,0.7284115089103212,0.3929471032745592,0.6070038910505836,0.8941299790356394,0.6079118009362343,,,0,337,,phoneme,lr,47,hidden_minority_medium,10,0.1,0.15
0,0.646479888471714,0.7468541820873427,0.6578683134885375,0.729806091151142,0.40302267002518893,0.6037735849056604,0.889937106918239,0.6104999182600322,,,0,337,,phoneme,lr,47,hidden_minority_medium,20,0.1,0.15
0,0.6428032043259456,0.7468541820873427,0.6543154272033518,0.72805517894925,0.3904282115869018,0.6078431372549019,0.8951781970649895,0.6085370127540151,,,0,337,,phoneme,lr,47,hidden_minority_medium,30,0.1,0.15
0,0.6484746711446963,0.7475943745373798,0.6599075007105393,0.7311051519081343,0.4080604534005038,0.6044776119402985,0.8888888888888888,0.605656264251892,,,0,337,,phoneme,lr,47,hidden_minority_medium,50,0.1,0.15
0,0.6385944901224594,0.7512953367875648,0.6507045374799165,0.7279860205342061,0.36523929471032746,0.6331877729257642,0.9119496855345912,0.6079148567042663,,,0,337,,phoneme,lr,47,hidden_minority_medium,100,0.1,0.15
0,0.6840599570151398,0.764618800888231,0.6951282167734903,0.7551379149935066,0.48866498740554154,0.627831715210356,0.8794549266247379,0.6424756465702767,,,0,337,,phoneme,lr,53,hidden_minority_medium,10,0.1,0.15
0,0.6818539465276787,0.764618800888231,0.6934365634365635,0.7543405669090347,0.4811083123425693,0.6303630363036303,0.8825995807127882,0.6426893303833288,,,0,337,,phoneme,lr,53,hidden_minority_medium,20,0.1,0.15
0,0.6801720450548928,0.765358993338268,0.6923892986610757,0.7541584778938965,0.473551637279597,0.6351351351351351,0.8867924528301887,0.642287213812776,,,0,337,,phoneme,lr,53,hidden_minority_medium,30,0.1,0.15
0,0.6851081750444898,0.7660991857883049,0.6964891027391027,0.7564161757814608,0.48866498740554154,0.6319218241042345,0.8815513626834381,0.6420806716193069,,,0,337,,phoneme,lr,53,hidden_minority_medium,50,0.1,0.15
0,0.6792254804112605,0.7660991857883049,0.6918979931179419,0.7542359483477944,0.46851385390428213,0.6391752577319587,0.889937106918239,0.6426914859244843,,,0,337,,phoneme,lr,53,hidden_minority_medium,100,0.1,0.15
0,0.8068825910931174,0.8452380952380952,0.7902823122719416,0.8490722196310827,0.7368421052631579,0.6363636363636364,0.8769230769230769,0.754987808617432,,,0,23,,ecoli,lr,13,hidden_minority_medium,10,0.1,0.15
0,0.7574898785425102,0.7976190476190477,0.7343255813953489,0.8053377630121816,0.6842105263157895,0.5416666666666666,0.8307692307692308,0.7450480152890342,,,0,23,,ecoli,lr,13,hidden_minority_medium,20,0.1,0.15
0,0.8024291497975709,0.8095238095238095,0.7605131860299359,0.8198418355225198,0.7894736842105263,0.5555555555555556,0.8153846153846154,0.6884846083396483,,,0,23,,ecoli,lr,13,hidden_minority_medium,30,0.1,0.15
0,0.7991902834008098,0.8333333333333334,0.7777777777777777,0.8386243386243386,0.7368421052631579,0.6086956521739131,0.8615384615384616,0.6767214691016536,,,0,23,,ecoli,lr,13,hidden_minority_medium,50,0.1,0.15
0,0.828744939271255,0.8214285714285714,0.7784420608405134,0.8318847496797206,0.8421052631578947,0.5714285714285714,0.8153846153846154,0.6656989314315256,,,0,23,,ecoli,lr,13,hidden_minority_medium,100,0.1,0.15
0,0.8178137651821862,0.8333333333333334,0.7844574780058651,0.8406647116324537,0.7894736842105263,0.6,0.8461538461538461,0.8419229328383862,,,0,23,,ecoli,lr,17,hidden_minority_medium,10,0.1,0.15
0,0.8704453441295547,0.8571428571428571,0.8203848895224519,0.8648813766418899,0.8947368421052632,0.6296296296296297,0.8461538461538461,0.9014659638863238,,,0,23,,ecoli,lr,17,hidden_minority_medium,20,0.1,0.15
0,0.862753036437247,0.8452380952380952,0.8079831193951117,0.8543001163890913,0.8947368421052632,0.6071428571428571,0.8307692307692308,0.8757505504154923,,,0,23,,ecoli,lr,17,hidden_minority_medium,30,0.1,0.15
0,0.8550607287449392,0.8333333333333334,0.7958333333333334,0.84375,0.8947368421052632,0.5862068965517241,0.8153846153846154,0.9018507969366916,,,0,23,,ecoli,lr,17,hidden_minority_medium,50,0.1,0.15
0,0.862753036437247,0.8452380952380952,0.8079831193951117,0.8543001163890913,0.8947368421052632,0.6071428571428571,0.8307692307692308,0.8777129660625909,,,0,23,,ecoli,lr,17,hidden_minority_medium,100,0.1,0.15
0,0.9275303643724696,0.9166666666666666,0.8906046511627908,0.9198449612403101,0.9473684210526315,0.75,0.9076923076923077,0.8980263206583288,,,0,23,,ecoli,lr,23,hidden_minority_medium,10,0.1,0.15
0,0.9012145748987854,0.9047619047619048,0.873015873015873,0.907785336356765,0.8947368421052632,0.7391304347826086,0.9076923076923077,0.9034075431237552,,,0,23,,ecoli,lr,23,hidden_minority_medium,20,0.1,0.15
0,0.9121457489878542,0.8928571428571429,0.8634146341463416,0.8981416957026714,0.9473684210526315,0.6923076923076923,0.8769230769230769,0.8873242434640729,,,0,23,,ecoli,lr,23,hidden_minority_medium,30,0.1,0.15
0,0.9198380566801619,0.9047619047619048,0.8768328445747801,0.9089512637899734,0.9473684210526315,0.72,0.8923076923076924,0.8601194792404914,,,0,23,,ecoli,lr,23,hidden_minority_medium,50,0.1,0.15
0,0.9198380566801619,0.9047619047619048,0.8768328445747801,0.9089512637899734,0.9473684210526315,0.72,0.8923076923076924,0.8416008016570178,,,0,23,,ecoli,lr,23,hidden_minority_medium,100,0.1,0.15
0,0.8178137651821862,0.8333333333333334,0.7844574780058651,0.8406647116324537,0.7894736842105263,0.6,0.8461538461538461,0.5638830804222832,,,0,23,,ecoli,lr,29,hidden_minority_medium,10,0.1,0.15
0,0.8178137651821862,0.8333333333333334,0.7844574780058651,0.8406647116324537,0.7894736842105263,0.6,0.8461538461538461,0.4883618131028534,,,0,23,,ecoli,lr,29,hidden_minority_medium,20,0.1,0.15
0,0.8178137651821862,0.8333333333333334,0.7844574780058651,0.8406647116324537,0.7894736842105263,0.6,0.8461538461538461,0.5661583246675865,,,0,23,,ecoli,lr,29,hidden_minority_medium,30,0.1,0.15
0,0.791497975708502,0.8214285714285714,0.7655813953488373,0.8282392026578074,0.7368421052631579,0.5833333333333334,0.8461538461538461,0.5763028447621703,,,0,23,,ecoli,lr,29,hidden_minority_medium,50,0.1,0.15
0,0.8178137651821862,0.8333333333333334,0.7844574780058651,0.8406647116324537,0.7894736842105263,0.6,0.8461538461538461,0.5070690729154878,,,0,23,,ecoli,lr,29,hidden_minority_medium,100,0.1,0.15
0,0.8736842105263158,0.8333333333333334,0.800677966101695,0.8448587570621469,0.9473684210526315,0.5806451612903226,0.8,0.8625681976348227,,,0,23,,ecoli,lr,31,hidden_minority_medium,10,0.1,0.15
0,0.9153846153846155,0.8690476190476191,0.8415366146458583,0.8776939347167437,1.0,0.6333333333333333,0.8307692307692308,0.8640048390435386,,,0,23,,ecoli,lr,31,hidden_minority_medium,20,0.1,0.15
0,0.9,0.8452380952380952,0.8169934640522876,0.8563647681294739,1.0,0.59375,0.8,0.8415139326150405,,,0,23,,ecoli,lr,31,hidden_minority_medium,30,0.1,0.15
0,0.9076923076923077,0.8571428571428571,0.8291525423728814,0.8670217917675546,1.0,0.6129032258064516,0.8153846153846154,0.8776023123506307,,,0,23,,ecoli,lr,31,hidden_minority_medium,50,0.1,0.15
0,0.8890688259109312,0.8571428571428571,0.825,0.8660714285714286,0.9473684210526315,0.6206896551724138,0.8307692307692308,0.8938833880800638,,,0,23,,ecoli,lr,31,hidden_minority_medium,100,0.1,0.15
0,0.8056680161943319,0.7857142857142857,0.7437288135593221,0.8005326876513317,0.8421052631578947,0.5161290322580645,0.7692307692307693,0.8406147202684597,,,0,23,,ecoli,lr,37,hidden_minority_medium,10,0.1,0.15
0,0.8242914979757086,0.7857142857142857,0.7493368700265253,0.801629405077681,0.8947368421052632,0.5151515151515151,0.7538461538461538,0.8598136053943501,,,0,23,,ecoli,lr,37,hidden_minority_medium,20,0.1,0.15
0,0.8242914979757086,0.7857142857142857,0.7493368700265253,0.801629405077681,0.8947368421052632,0.5151515151515151,0.7538461538461538,0.8575325874494848,,,0,23,,ecoli,lr,37,hidden_minority_medium,30,0.1,0.15
0,0.7902834008097166,0.7619047619047619,0.7214854111405835,0.7795882278640899,0.8421052631578947,0.48484848484848486,0.7384615384615385,0.8469221452600952,,,0,23,,ecoli,lr,37,hidden_minority_medium,50,0.1,0.15
0,0.8133603238866396,0.7976190476190477,0.7551020408163265,0.8109815354713314,0.8421052631578947,0.5333333333333333,0.7846153846153846,0.8592059742621905,,,0,23,,ecoli,lr,37,hidden_minority_medium,100,0.1,0.15
0,0.791497975708502,0.8214285714285714,0.7655813953488373,0.8282392026578074,0.7368421052631579,0.5833333333333334,0.8461538461538461,0.851784999077065,,,0,23,,ecoli,lr,41,hidden_minority_medium,10,0.1,0.15
0,0.8178137651821862,0.8333333333333334,0.7844574780058651,0.8406647116324537,0.7894736842105263,0.6,0.8461538461538461,0.8424732581863767,,,0,23,,ecoli,lr,41,hidden_minority_medium,20,0.1,0.15
0,0.8704453441295547,0.8571428571428571,0.8203848895224519,0.8648813766418899,0.8947368421052632,0.6296296296296297,0.8461538461538461,0.8535454011804684,,,0,23,,ecoli,lr,41,hidden_minority_medium,30,0.1,0.15
0,0.791497975708502,0.8214285714285714,0.7655813953488373,0.8282392026578074,0.7368421052631579,0.5833333333333334,0.8461538461538461,0.8294056579375138,,,0,23,,ecoli,lr,41,hidden_minority_medium,50,0.1,0.15
0,0.791497975708502,0.8214285714285714,0.7655813953488373,0.8282392026578074,0.7368421052631579,0.5833333333333334,0.8461538461538461,0.8067184942883046,,,0,23,,ecoli,lr,41,hidden_minority_medium,100,0.1,0.15
0,0.8736842105263158,0.8333333333333334,0.800677966101695,0.8448587570621469,0.9473684210526315,0.5806451612903226,0.8,0.8990133806186886,,,0,23,,ecoli,lr,43,hidden_minority_medium,10,0.1,0.15
0,0.862753036437247,0.8452380952380952,0.8079831193951117,0.8543001163890913,0.8947368421052632,0.6071428571428571,0.8307692307692308,0.91988311009145,,,0,23,,ecoli,lr,43,hidden_minority_medium,20,0.1,0.15
0,0.8813765182186235,0.8452380952380952,0.8127250900360145,0.8554564683016063,0.9473684210526315,0.6,0.8153846153846154,0.8890901299639362,,,0,23,,ecoli,lr,43,hidden_minority_medium,30,0.1,0.15
0,0.8736842105263158,0.8333333333333334,0.800677966101695,0.8448587570621469,0.9473684210526315,0.5806451612903226,0.8,0.8911244032025762,,,0,23,,ecoli,lr,43,hidden_minority_medium,50,0.1,0.15
0,0.9,0.8452380952380952,0.8169934640522876,0.8563647681294739,1.0,0.59375,0.8,0.9115476630401644,,,0,23,,ecoli,lr,43,hidden_minority_medium,100,0.1,0.15
0,0.8473684210526315,0.8214285714285714,0.7839135654261704,0.8332190018864688,0.8947368421052632,0.5666666666666667,0.8,0.8773837393974693,,,0,23,,ecoli,lr,47,hidden_minority_medium,10,0.1,0.15
0,0.8736842105263158,0.8333333333333334,0.800677966101695,0.8448587570621469,0.9473684210526315,0.5806451612903226,0.8,0.8631205315317692,,,0,23,,ecoli,lr,47,hidden_minority_medium,20,0.1,0.15
0,0.8396761133603239,0.8095238095238095,0.7722033898305085,0.8226957223567394,0.8947368421052632,0.5483870967741935,0.7846153846153846,0.8723885325201113,,,0,23,,ecoli,lr,47,hidden_minority_medium,30,0.1,0.15
0,0.8550607287449392,0.8333333333333334,0.7958333333333334,0.84375,0.8947368421052632,0.5862068965517241,0.8153846153846154,0.8745403606666664,,,0,23,,ecoli,lr,47,hidden_minority_medium,50,0.1,0.15
0,0.8396761133603239,0.8095238095238095,0.7722033898305085,0.8226957223567394,0.8947368421052632,0.5483870967741935,0.7846153846153846,0.8707545548455653,,,0,23,,ecoli,lr,47,hidden_minority_medium,100,0.1,0.15
0,0.8858299595141701,0.8809523809523809,0.846041055718475,0.8861890797374669,0.8947368421052632,0.68,0.8769230769230769,0.8970587273018968,,,0,23,,ecoli,lr,53,hidden_minority_medium,10,0.1,0.15
0,0.8550607287449392,0.8333333333333334,0.7958333333333334,0.84375,0.8947368421052632,0.5862068965517241,0.8153846153846154,0.8756421218594328,,,0,23,,ecoli,lr,53,hidden_minority_medium,20,0.1,0.15
0,0.825506072874494,0.8452380952380952,0.7968372093023256,0.8511406423034331,0.7894736842105263,0.625,0.8615384615384616,0.8704982492386759,,,0,23,,ecoli,lr,53,hidden_minority_medium,30,0.1,0.15
0,0.8595141700404858,0.8690476190476191,0.8280930232558139,0.8740420819490586,0.8421052631578947,0.6666666666666666,0.8769230769230769,0.8655344801023894,,,0,23,,ecoli,lr,53,hidden_minority_medium,50,0.1,0.15
0,0.8672064777327935,0.8809523809523809,0.8412698412698412,0.884731670445956,0.8421052631578947,0.6956521739130435,0.8923076923076924,0.8811898426985099,,,0,23,,ecoli,lr,53,hidden_minority_medium,100,0.1,0.15
