deleted,balanced_accuracy,macro_f1,minority_recall,noise_precision_deleted,clean_minority_deletion_rate,dataset,model,seed,method
0,0.6684179104477612,0.677938808373591,0.43283582089552236,0.0,0.0,pima,lr,13,no_cleaning
107,0.6913432835820896,0.7037037037037037,0.4626865671641791,0.2616822429906542,0.205607476635514,pima,lr,13,random_deletion
107,0.6798805970149254,0.6908212560386473,0.44776119402985076,0.5046728971962616,0.4392523364485981,pima,lr,13,global_top_loss
107,0.7312835820895522,0.7254180894842834,0.6865671641791045,0.4672897196261682,0.09345794392523364,pima,lr,13,class_proportional
99,0.6977313432835821,0.7082915791175044,0.5074626865671642,1.0,0.0,pima,lr,13,oracle_deletion
107,0.7312835820895522,0.7254180894842834,0.6865671641791045,0.4672897196261682,0.09345794392523364,pima,lr,13,crcc_p_l0
107,0.7312835820895522,0.7254180894842834,0.6865671641791045,0.4672897196261682,0.09345794392523364,pima,lr,13,crcc_p_l025
107,0.7312835820895522,0.7254180894842834,0.6865671641791045,0.4672897196261682,0.09345794392523364,pima,lr,13,crcc_p_l05
107,0.7312835820895522,0.7254180894842834,0.6865671641791045,0.4672897196261682,0.09345794392523364,pima,lr,13,crcc_p_l10
107,0.7515223880597015,0.7300944669365722,0.7910447761194029,0.40186915887850466,0.028037383177570093,pima,lr,13,crcc_m
0,0.6407164179104478,0.642644431209053,0.31343283582089554,0.0,0.0,pima,lr,29,no_cleaning
107,0.6332537313432836,0.6327495030566703,0.29850746268656714,0.12149532710280374,0.2897196261682243,pima,lr,29,random_deletion
107,0.6183283582089552,0.6124166825366597,0.26865671641791045,0.34579439252336447,0.5700934579439252,pima,lr,29,global_top_loss
107,0.7592835820895523,0.7592835820895523,0.6865671641791045,0.4205607476635514,0.12149532710280374,pima,lr,29,class_proportional
74,0.7182686567164178,0.7344039947366645,0.4925373134328358,1.0,0.0,pima,lr,29,oracle_deletion
107,0.7592835820895523,0.7592835820895523,0.6865671641791045,0.4205607476635514,0.12149532710280374,pima,lr,29,crcc_p_l0
107,0.7592835820895523,0.7592835820895523,0.6865671641791045,0.4205607476635514,0.12149532710280374,pima,lr,29,crcc_p_l025
107,0.7592835820895523,0.7592835820895523,0.6865671641791045,0.4205607476635514,0.12149532710280374,pima,lr,29,crcc_p_l05
107,0.7592835820895523,0.7592835820895523,0.6865671641791045,0.4205607476635514,0.12149532710280374,pima,lr,29,crcc_p_l10
107,0.7427462686567164,0.7366255144032922,0.7014925373134329,0.37383177570093457,0.028037383177570093,pima,lr,29,crcc_m
0,0.6545671641791045,0.6619718309859155,0.373134328358209,0.0,0.0,pima,lr,47,no_cleaning
107,0.6316417910447761,0.6349295774647887,0.34328358208955223,0.14953271028037382,0.19626168224299065,pima,lr,47,random_deletion
107,0.6356417910447761,0.6393407761828814,0.34328358208955223,0.37383177570093457,0.5607476635514018,pima,lr,47,global_top_loss
107,0.7048955223880597,0.7011892526794891,0.6417910447761194,0.35514018691588783,0.1308411214953271,pima,lr,47,class_proportional
71,0.6828059701492537,0.692779936648924,0.47761194029850745,1.0,0.0,pima,lr,47,oracle_deletion
107,0.7048955223880597,0.7011892526794891,0.6417910447761194,0.35514018691588783,0.1308411214953271,pima,lr,47,crcc_p_l0
107,0.7048955223880597,0.7011892526794891,0.6417910447761194,0.35514018691588783,0.1308411214953271,pima,lr,47,crcc_p_l025
107,0.7048955223880597,0.7011892526794891,0.6417910447761194,0.35514018691588783,0.1308411214953271,pima,lr,47,crcc_p_l05
107,0.7048955223880597,0.7011892526794891,0.6417910447761194,0.35514018691588783,0.1308411214953271,pima,lr,47,crcc_p_l10
107,0.7112835820895522,0.7016231149994244,0.6865671641791045,0.3364485981308411,0.028037383177570093,pima,lr,47,crcc_m
0,0.651641791044776,0.6573301766527044,0.34328358208955223,0.0,0.0,pima,lr,61,no_cleaning
107,0.7297313432835821,0.7473598974324369,0.5074626865671642,0.19626168224299065,0.17757009345794392,pima,lr,61,random_deletion
107,0.6964179104477611,0.7111569814225238,0.43283582089552236,0.38317757009345793,0.5233644859813084,pima,lr,61,global_top_loss
107,0.7427462686567164,0.7366255144032922,0.7014925373134329,0.34579439252336447,0.14953271028037382,pima,lr,61,class_proportional
76,0.7177313432835821,0.7324485733244857,0.5074626865671642,1.0,0.0,pima,lr,61,oracle_deletion
107,0.7427462686567164,0.7366255144032922,0.7014925373134329,0.34579439252336447,0.14953271028037382,pima,lr,61,crcc_p_l0
107,0.7427462686567164,0.7366255144032922,0.7014925373134329,0.34579439252336447,0.14953271028037382,pima,lr,61,crcc_p_l025
107,0.7427462686567164,0.7366255144032922,0.7014925373134329,0.34579439252336447,0.14953271028037382,pima,lr,61,crcc_p_l05
107,0.7427462686567164,0.7366255144032922,0.7014925373134329,0.34579439252336447,0.14953271028037382,pima,lr,61,crcc_p_l10
107,0.7416716417910447,0.729957805907173,0.7313432835820896,0.308411214953271,0.04672897196261682,pima,lr,61,crcc_m
0,0.6511044776119402,0.657485371771086,0.3582089552238806,0.0,0.0,pima,lr,83,no_cleaning
107,0.6511044776119402,0.657485371771086,0.3582089552238806,0.14953271028037382,0.24299065420560748,pima,lr,83,random_deletion
107,0.655641791044776,0.6619222303741746,0.34328358208955223,0.308411214953271,0.6355140186915887,pima,lr,83,global_top_loss
107,0.7312835820895522,0.7254180894842834,0.6865671641791045,0.35514018691588783,0.1308411214953271,pima,lr,83,class_proportional
76,0.7211940298507462,0.7352941176470589,0.5223880597014925,1.0,0.0,pima,lr,83,oracle_deletion
107,0.7312835820895522,0.7254180894842834,0.6865671641791045,0.35514018691588783,0.1308411214953271,pima,lr,83,crcc_p_l0
107,0.7312835820895522,0.7254180894842834,0.6865671641791045,0.35514018691588783,0.1308411214953271,pima,lr,83,crcc_p_l025
107,0.7312835820895522,0.7254180894842834,0.6865671641791045,0.35514018691588783,0.1308411214953271,pima,lr,83,crcc_p_l05
107,0.7312835820895522,0.7254180894842834,0.6865671641791045,0.35514018691588783,0.1308411214953271,pima,lr,83,crcc_p_l10
107,0.7222089552238806,0.7093816935599029,0.7164179104477612,0.308411214953271,0.04672897196261682,pima,lr,83,crcc_m
0,0.7171940298507462,0.7303987199164027,0.5223880597014925,0.0,0.0,pima,hgb,13,no_cleaning
107,0.6564179104477612,0.6641916641916642,0.43283582089552236,0.2616822429906542,0.205607476635514,pima,hgb,13,random_deletion
107,0.7102686567164179,0.7245704753961635,0.4925373134328358,0.48598130841121495,0.3644859813084112,pima,hgb,13,global_top_loss
107,0.7368955223880597,0.7393114684850497,0.6417910447761194,0.3925233644859813,0.11214953271028037,pima,hgb,13,class_proportional
99,0.6977313432835821,0.7082915791175044,0.5074626865671642,1.0,0.0,pima,hgb,13,oracle_deletion
107,0.7368955223880597,0.7393114684850497,0.6417910447761194,0.3925233644859813,0.11214953271028037,pima,hgb,13,crcc_p_l0
107,0.7368955223880597,0.7393114684850497,0.6417910447761194,0.3925233644859813,0.11214953271028037,pima,hgb,13,crcc_p_l025
107,0.7368955223880597,0.7393114684850497,0.6417910447761194,0.3925233644859813,0.11214953271028037,pima,hgb,13,crcc_p_l05
107,0.7368955223880597,0.7393114684850497,0.6417910447761194,0.3925233644859813,0.11214953271028037,pima,hgb,13,crcc_p_l10
107,0.7387462686567164,0.7318123617739495,0.7014925373134329,0.27102803738317754,0.08411214953271028,pima,hgb,13,crcc_m
0,0.6340298507462687,0.6392914653784219,0.3880597014925373,0.0,0.0,pima,hgb,29,no_cleaning
107,0.5831044776119403,0.5841603361887829,0.3582089552238806,0.12149532710280374,0.2897196261682243,pima,hgb,29,random_deletion
107,0.6305671641791045,0.635129632143342,0.373134328358209,0.3644859813084112,0.4766355140186916,pima,hgb,29,global_top_loss
107,0.6681194029850747,0.6697945267477295,0.5522388059701493,0.32710280373831774,0.1588785046728972,pima,hgb,29,class_proportional
74,0.6638805970149254,0.6722689075630253,0.44776119402985076,1.0,0.0,pima,hgb,29,oracle_deletion
107,0.6681194029850747,0.6697945267477295,0.5522388059701493,0.32710280373831774,0.1588785046728972,pima,hgb,29,crcc_p_l0
107,0.6681194029850747,0.6697945267477295,0.5522388059701493,0.32710280373831774,0.1588785046728972,pima,hgb,29,crcc_p_l025
107,0.6681194029850747,0.6697945267477295,0.5522388059701493,0.32710280373831774,0.1588785046728972,pima,hgb,29,crcc_p_l05
107,0.6681194029850747,0.6697945267477295,0.5522388059701493,0.32710280373831774,0.1588785046728972,pima,hgb,29,crcc_p_l10
107,0.6934328358208955,0.6899133754221113,0.6268656716417911,0.2803738317757009,0.056074766355140186,pima,hgb,29,crcc_m
0,0.6196417910447761,0.6218774833293024,0.34328358208955223,0.0,0.0,pima,hgb,47,no_cleaning
107,0.6191044776119403,0.6220985475770326,0.3582089552238806,0.14953271028037382,0.19626168224299065,pima,hgb,47,random_deletion
107,0.6604179104477612,0.6687458526874586,0.43283582089552236,0.35514018691588783,0.4766355140186916,pima,hgb,47,global_top_loss
107,0.6577313432835821,0.66196138996139,0.5074626865671642,0.2897196261682243,0.16822429906542055,pima,hgb,47,class_proportional
71,0.7011940298507462,0.7111303178718908,0.5223880597014925,1.0,0.0,pima,hgb,47,oracle_deletion
107,0.6577313432835821,0.66196138996139,0.5074626865671642,0.2897196261682243,0.16822429906542055,pima,hgb,47,crcc_p_l0
107,0.6577313432835821,0.66196138996139,0.5074626865671642,0.2897196261682243,0.16822429906542055,pima,hgb,47,crcc_p_l025
107,0.6577313432835821,0.66196138996139,0.5074626865671642,0.2897196261682243,0.16822429906542055,pima,hgb,47,crcc_p_l05
107,0.6577313432835821,0.66196138996139,0.5074626865671642,0.2897196261682243,0.16822429906542055,pima,hgb,47,crcc_p_l10
107,0.7128955223880598,0.710629746741925,0.6417910447761194,0.27102803738317754,0.06542056074766354,pima,hgb,47,crcc_m
0,0.6857313432835821,0.6941506308143239,0.5074626865671642,0.0,0.0,pima,hgb,61,no_cleaning
107,0.7081194029850746,0.7164315117996418,0.5522388059701493,0.19626168224299065,0.17757009345794392,pima,hgb,61,random_deletion
107,0.6828059701492537,0.692779936648924,0.47761194029850745,0.29906542056074764,0.4392523364485981,pima,hgb,61,global_top_loss
107,0.7048955223880597,0.7011892526794891,0.6417910447761194,0.2897196261682243,0.14953271028037382,pima,hgb,61,class_proportional
76,0.6971940298507462,0.706384605581751,0.5223880597014925,1.0,0.0,pima,hgb,61,oracle_deletion
107,0.7048955223880597,0.7011892526794891,0.6417910447761194,0.2897196261682243,0.14953271028037382,pima,hgb,61,crcc_p_l0
107,0.7048955223880597,0.7011892526794891,0.6417910447761194,0.2897196261682243,0.14953271028037382,pima,hgb,61,crcc_p_l025
107,0.7048955223880597,0.7011892526794891,0.6417910447761194,0.2897196261682243,0.14953271028037382,pima,hgb,61,crcc_p_l05
107,0.7048955223880597,0.7011892526794891,0.6417910447761194,0.2897196261682243,0.14953271028037382,pima,hgb,61,crcc_p_l10
107,0.7062089552238806,0.6903488668194551,0.7164179104477612,0.2616822429906542,0.04672897196261682,pima,hgb,61,crcc_m
0,0.6214925373134328,0.6257309941520468,0.40298507462686567,0.0,0.0,pima,hgb,83,no_cleaning
107,0.6684179104477612,0.677938808373591,0.43283582089552236,0.14953271028037382,0.24299065420560748,pima,hgb,83,random_deletion
107,0.6625671641791044,0.6711859569002426,0.373134328358209,0.308411214953271,0.5046728971962616,pima,hgb,83,global_top_loss
107,0.7185074626865671,0.7235209412053065,0.5970149253731343,0.2897196261682243,0.14953271028037382,pima,hgb,83,class_proportional
76,0.7374328358208955,0.7421875,0.6268656716417911,1.0,0.0,pima,hgb,83,oracle_deletion
107,0.7185074626865671,0.7235209412053065,0.5970149253731343,0.2897196261682243,0.14953271028037382,pima,hgb,83,crcc_p_l0
107,0.7185074626865671,0.7235209412053065,0.5970149253731343,0.2897196261682243,0.14953271028037382,pima,hgb,83,crcc_p_l025
107,0.7185074626865671,0.7235209412053065,0.5970149253731343,0.2897196261682243,0.14953271028037382,pima,hgb,83,crcc_p_l05
107,0.7185074626865671,0.7235209412053065,0.5970149253731343,0.2897196261682243,0.14953271028037382,pima,hgb,83,crcc_p_l10
107,0.7088955223880598,0.7059031459879817,0.6417910447761194,0.2616822429906542,0.056074766355140186,pima,hgb,83,crcc_m
0,0.6295238095238095,0.639843589215888,0.3333333333333333,0.0,0.0,credit-g,lr,13,no_cleaning
150,0.6561904761904762,0.6708397491687309,0.38666666666666666,0.10666666666666667,0.20666666666666667,credit-g,lr,13,random_deletion
150,0.6466666666666667,0.6596817745642811,0.37333333333333335,0.38,0.5466666666666666,credit-g,lr,13,global_top_loss
150,0.7295238095238095,0.7131382673551349,0.6933333333333334,0.3466666666666667,0.15333333333333332,credit-g,lr,13,class_proportional
119,0.6742857142857143,0.6890013726835964,0.44,1.0,0.0,credit-g,lr,13,oracle_deletion
150,0.7295238095238095,0.7131382673551349,0.6933333333333334,0.3466666666666667,0.15333333333333332,credit-g,lr,13,crcc_p_l0
150,0.7295238095238095,0.7131382673551349,0.6933333333333334,0.3466666666666667,0.15333333333333332,credit-g,lr,13,crcc_p_l025
150,0.7295238095238095,0.7131382673551349,0.6933333333333334,0.3466666666666667,0.15333333333333332,credit-g,lr,13,crcc_p_l05
150,0.7295238095238095,0.7131382673551349,0.6933333333333334,0.3466666666666667,0.15333333333333332,credit-g,lr,13,crcc_p_l10
150,0.7161904761904763,0.6832408739127458,0.7466666666666667,0.32666666666666666,0.04666666666666667,credit-g,lr,13,crcc_m
0,0.6095238095238096,0.6125,0.25333333333333335,0.0,0.0,credit-g,lr,29,no_cleaning
150,0.6142857142857143,0.6166341780376868,0.24,0.12666666666666668,0.24666666666666667,credit-g,lr,29,random_deletion
150,0.6219047619047618,0.628454117232172,0.26666666666666666,0.29333333333333333,0.6266666666666667,credit-g,lr,29,global_top_loss
150,0.7114285714285714,0.7106206948898461,0.6,0.3333333333333333,0.14666666666666667,credit-g,lr,29,class_proportional
105,0.6580952380952381,0.6741441997667559,0.37333333333333335,1.0,0.0,credit-g,lr,29,oracle_deletion
150,0.7114285714285714,0.7106206948898461,0.6,0.3333333333333333,0.14666666666666667,credit-g,lr,29,crcc_p_l0
150,0.7114285714285714,0.7106206948898461,0.6,0.3333333333333333,0.14666666666666667,credit-g,lr,29,crcc_p_l025
150,0.7114285714285714,0.7106206948898461,0.6,0.3333333333333333,0.14666666666666667,credit-g,lr,29,crcc_p_l05
150,0.7114285714285714,0.7106206948898461,0.6,0.3333333333333333,0.14666666666666667,credit-g,lr,29,crcc_p_l10
150,0.7161904761904762,0.7024024240675276,0.6666666666666666,0.3,0.06666666666666667,credit-g,lr,29,crcc_m
0,0.5419047619047619,0.5059976065236147,0.10666666666666667,0.0,0.0,credit-g,lr,47,no_cleaning
150,0.5314285714285715,0.48489010989010983,0.08,0.19333333333333333,0.18,credit-g,lr,47,random_deletion
150,0.5552380952380952,0.5284179447223817,0.13333333333333333,0.34,0.6333333333333333,credit-g,lr,47,global_top_loss
150,0.7180952380952381,0.7164246823956443,0.6133333333333333,0.37333333333333335,0.13333333333333333,credit-g,lr,47,class_proportional
120,0.6019047619047619,0.604922900105354,0.26666666666666666,1.0,0.0,credit-g,lr,47,oracle_deletion
150,0.7180952380952381,0.7164246823956443,0.6133333333333333,0.37333333333333335,0.13333333333333333,credit-g,lr,47,crcc_p_l0
150,0.7180952380952381,0.7164246823956443,0.6133333333333333,0.37333333333333335,0.13333333333333333,credit-g,lr,47,crcc_p_l025
150,0.7180952380952381,0.7164246823956443,0.6133333333333333,0.37333333333333335,0.13333333333333333,credit-g,lr,47,crcc_p_l05
150,0.7180952380952381,0.7164246823956443,0.6133333333333333,0.37333333333333335,0.13333333333333333,credit-g,lr,47,crcc_p_l10
150,0.719047619047619,0.7148200093501635,0.6266666666666667,0.35333333333333333,0.04,credit-g,lr,47,crcc_m
0,0.599047619047619,0.5970939602466041,0.22666666666666666,0.0,0.0,credit-g,lr,61,no_cleaning
150,0.6152380952380953,0.6192506853487664,0.25333333333333335,0.14,0.22666666666666666,credit-g,lr,61,random_deletion
150,0.6028571428571429,0.6032645658580821,0.24,0.37333333333333335,0.5866666666666667,credit-g,lr,61,global_top_loss
150,0.6990476190476191,0.6895317408137921,0.6266666666666667,0.38666666666666666,0.11333333333333333,credit-g,lr,61,class_proportional
125,0.6409523809523809,0.6526169522927281,0.37333333333333335,1.0,0.0,credit-g,lr,61,oracle_deletion
150,0.6990476190476191,0.6895317408137921,0.6266666666666667,0.38666666666666666,0.11333333333333333,credit-g,lr,61,crcc_p_l0
150,0.6990476190476191,0.6895317408137921,0.6266666666666667,0.38666666666666666,0.11333333333333333,credit-g,lr,61,crcc_p_l025
150,0.6990476190476191,0.6895317408137921,0.6266666666666667,0.38666666666666666,0.11333333333333333,credit-g,lr,61,crcc_p_l05
150,0.6990476190476191,0.6895317408137921,0.6266666666666667,0.38666666666666666,0.11333333333333333,credit-g,lr,61,crcc_p_l10
150,0.7019047619047618,0.6844949252564034,0.6666666666666666,0.34,0.04666666666666667,credit-g,lr,61,crcc_m
0,0.540952380952381,0.5152499737972959,0.13333333333333333,0.0,0.0,credit-g,lr,83,no_cleaning
150,0.5514285714285714,0.5331406206032079,0.16,0.18666666666666668,0.16,credit-g,lr,83,random_deletion
150,0.5285714285714286,0.49967511371020146,0.12,0.3,0.6733333333333333,credit-g,lr,83,global_top_loss
150,0.6390476190476191,0.6374150044263622,0.5066666666666667,0.43333333333333335,0.10666666666666667,credit-g,lr,83,class_proportional
114,0.6352380952380953,0.6456529797858654,0.37333333333333335,1.0,0.0,credit-g,lr,83,oracle_deletion
150,0.6390476190476191,0.6374150044263622,0.5066666666666667,0.43333333333333335,0.10666666666666667,credit-g,lr,83,crcc_p_l0
150,0.6390476190476191,0.6374150044263622,0.5066666666666667,0.43333333333333335,0.10666666666666667,credit-g,lr,83,crcc_p_l025
150,0.6390476190476191,0.6374150044263622,0.5066666666666667,0.43333333333333335,0.10666666666666667,credit-g,lr,83,crcc_p_l05
150,0.6390476190476191,0.6374150044263622,0.5066666666666667,0.43333333333333335,0.10666666666666667,credit-g,lr,83,crcc_p_l10
150,0.6647619047619048,0.6551974448315911,0.5866666666666667,0.4,0.03333333333333333,credit-g,lr,83,crcc_m
0,0.621904761904762,0.6305608857716315,0.3466666666666667,0.0,0.0,credit-g,hgb,13,no_cleaning
150,0.579047619047619,0.5817604667124228,0.30666666666666664,0.10666666666666667,0.20666666666666667,credit-g,hgb,13,random_deletion
150,0.5980952380952381,0.5993589743589743,0.25333333333333335,0.38666666666666666,0.5066666666666667,credit-g,hgb,13,global_top_loss
150,0.6276190476190476,0.6290300822878727,0.4666666666666667,0.32,0.16,credit-g,hgb,13,class_proportional
119,0.6304761904761905,0.6392496392496393,0.38666666666666666,1.0,0.0,credit-g,hgb,13,oracle_deletion
150,0.6276190476190476,0.6290300822878727,0.4666666666666667,0.32,0.16,credit-g,hgb,13,crcc_p_l0
150,0.6276190476190476,0.6290300822878727,0.4666666666666667,0.32,0.16,credit-g,hgb,13,crcc_p_l025
150,0.6276190476190476,0.6290300822878727,0.4666666666666667,0.32,0.16,credit-g,hgb,13,crcc_p_l05
150,0.6276190476190476,0.6290300822878727,0.4666666666666667,0.32,0.16,credit-g,hgb,13,crcc_p_l10
150,0.6799999999999999,0.6712689020381328,0.6,0.2866666666666667,0.06,credit-g,hgb,13,crcc_m
0,0.618095238095238,0.6254548048797888,0.29333333333333333,0.0,0.0,credit-g,hgb,29,no_cleaning
150,0.5838095238095238,0.578075014483992,0.21333333333333335,0.12666666666666668,0.24666666666666667,credit-g,hgb,29,random_deletion
150,0.5828571428571429,0.5745668316831682,0.2,0.28,0.6066666666666667,credit-g,hgb,29,global_top_loss
150,0.6838095238095238,0.6997254632807137,0.4533333333333333,0.32,0.16,credit-g,hgb,29,class_proportional
105,0.638095238095238,0.6503496503496503,0.3333333333333333,1.0,0.0,credit-g,hgb,29,oracle_deletion
150,0.6838095238095238,0.6997254632807137,0.4533333333333333,0.32,0.16,credit-g,hgb,29,crcc_p_l0
150,0.6838095238095238,0.6997254632807137,0.4533333333333333,0.32,0.16,credit-g,hgb,29,crcc_p_l025
150,0.6838095238095238,0.6997254632807137,0.4533333333333333,0.32,0.16,credit-g,hgb,29,crcc_p_l05
150,0.6838095238095238,0.6997254632807137,0.4533333333333333,0.32,0.16,credit-g,hgb,29,crcc_p_l10
150,0.6838095238095239,0.6941521898703206,0.49333333333333335,0.29333333333333333,0.06666666666666667,credit-g,hgb,29,crcc_m
0,0.6038095238095238,0.6087997054491899,0.29333333333333333,0.0,0.0,credit-g,hgb,47,no_cleaning
150,0.6076190476190476,0.6136714844105081,0.30666666666666664,0.19333333333333333,0.18,credit-g,hgb,47,random_deletion
150,0.560952380952381,0.5459312885318871,0.17333333333333334,0.3333333333333333,0.54,credit-g,hgb,47,global_top_loss
150,0.6666666666666666,0.6726190476190477,0.49333333333333335,0.3,0.15333333333333332,credit-g,hgb,47,class_proportional
120,0.64,0.6520294540229885,0.36,1.0,0.0,credit-g,hgb,47,oracle_deletion
150,0.6666666666666666,0.6726190476190477,0.49333333333333335,0.3,0.15333333333333332,credit-g,hgb,47,crcc_p_l0
150,0.6666666666666666,0.6726190476190477,0.49333333333333335,0.3,0.15333333333333332,credit-g,hgb,47,crcc_p_l025
150,0.6666666666666666,0.6726190476190477,0.49333333333333335,0.3,0.15333333333333332,credit-g,hgb,47,crcc_p_l05
150,0.6666666666666666,0.6726190476190477,0.49333333333333335,0.3,0.15333333333333332,credit-g,hgb,47,crcc_p_l10
150,0.6847619047619047,0.6868435759572951,0.5466666666666666,0.26666666666666666,0.06,credit-g,hgb,47,crcc_m
0,0.6438095238095238,0.6561363031324874,0.37333333333333335,0.0,0.0,credit-g,hgb,61,no_cleaning
150,0.6066666666666667,0.6120799462701776,0.29333333333333333,0.14,0.22666666666666666,credit-g,hgb,61,random_deletion
150,0.559047619047619,0.5365270426395121,0.14666666666666667,0.4066666666666667,0.52,credit-g,hgb,61,global_top_loss
150,0.6733333333333333,0.6726693106131045,0.5466666666666666,0.3333333333333333,0.15333333333333332,credit-g,hgb,61,class_proportional
125,0.7066666666666667,0.7241320770732536,0.49333333333333335,1.0,0.0,credit-g,hgb,61,oracle_deletion
150,0.6733333333333333,0.6726693106131045,0.5466666666666666,0.3333333333333333,0.15333333333333332,credit-g,hgb,61,crcc_p_l0
150,0.6733333333333333,0.6726693106131045,0.5466666666666666,0.3333333333333333,0.15333333333333332,credit-g,hgb,61,crcc_p_l025
150,0.6733333333333333,0.6726693106131045,0.5466666666666666,0.3333333333333333,0.15333333333333332,credit-g,hgb,61,crcc_p_l05
150,0.6733333333333333,0.6726693106131045,0.5466666666666666,0.3333333333333333,0.15333333333333332,credit-g,hgb,61,crcc_p_l10
150,0.6657142857142857,0.6538454622286958,0.6,0.3333333333333333,0.05333333333333334,credit-g,hgb,61,crcc_m
0,0.5571428571428572,0.5539243365330322,0.24,0.0,0.0,credit-g,hgb,83,no_cleaning
150,0.6095238095238095,0.6162280701754386,0.3333333333333333,0.18666666666666668,0.16,credit-g,hgb,83,random_deletion
150,0.5619047619047619,0.5392953929539295,0.14666666666666667,0.30666666666666664,0.6066666666666667,credit-g,hgb,83,global_top_loss
150,0.6247619047619047,0.6296741132196333,0.4266666666666667,0.28,0.17333333333333334,credit-g,hgb,83,class_proportional
114,0.6352380952380953,0.6456529797858654,0.37333333333333335,1.0,0.0,credit-g,hgb,83,oracle_deletion
150,0.6247619047619047,0.6296741132196333,0.4266666666666667,0.28,0.17333333333333334,credit-g,hgb,83,crcc_p_l0
150,0.6247619047619047,0.6296741132196333,0.4266666666666667,0.28,0.17333333333333334,credit-g,hgb,83,crcc_p_l025
150,0.6247619047619047,0.6296741132196333,0.4266666666666667,0.28,0.17333333333333334,credit-g,hgb,83,crcc_p_l05
150,0.6247619047619047,0.6296741132196333,0.4266666666666667,0.28,0.17333333333333334,credit-g,hgb,83,crcc_p_l10
150,0.6733333333333333,0.6726693106131045,0.5466666666666666,0.26666666666666666,0.07333333333333333,credit-g,hgb,83,crcc_m
0,0.49887005649717514,0.4835706462212486,0.0,0.0,0.0,sick,lr,13,no_cleaning
566,0.4994350282485876,0.4838533114395183,0.0,0.127208480565371,0.04946996466431095,sick,lr,13,random_deletion
566,,,,,,sick,lr,13,global_top_loss
566,0.8550360413013832,0.694561882032049,0.8275862068965517,0.22614840989399293,0.0017667844522968198,sick,lr,13,class_proportional
348,0.7132573543736607,0.7770728310108426,0.43103448275862066,1.0,0.0,sick,lr,13,oracle_deletion
566,0.8550360413013832,0.694561882032049,0.8275862068965517,0.22614840989399293,0.0017667844522968198,sick,lr,13,crcc_p_l0
566,0.8550360413013832,0.694561882032049,0.8275862068965517,0.22614840989399293,0.0017667844522968198,sick,lr,13,crcc_p_l025
566,0.8550360413013832,0.694561882032049,0.8275862068965517,0.22614840989399293,0.0017667844522968198,sick,lr,13,crcc_p_l05
566,0.8550360413013832,0.694561882032049,0.8275862068965517,0.22614840989399293,0.0017667844522968198,sick,lr,13,crcc_p_l10
566,0.8469803233976232,0.6919925277344825,0.8103448275862069,0.15547703180212014,0.0017667844522968198,sick,lr,13,crcc_m
0,0.5074907461523476,0.500229059061307,0.017241379310344827,0.0,0.0,sick,lr,29,no_cleaning
566,0.5074907461523476,0.500229059061307,0.017241379310344827,0.09717314487632508,0.045936395759717315,sick,lr,29,random_deletion
566,,,,,,sick,lr,29,global_top_loss
566,0.8611240989674653,0.661078616723778,0.8793103448275862,0.2067137809187279,0.0017667844522968198,sick,lr,29,class_proportional
309,0.7126923826222482,0.7735236120942461,0.43103448275862066,1.0,0.0,sick,lr,29,oracle_deletion
566,0.8611240989674653,0.661078616723778,0.8793103448275862,0.2067137809187279,0.0017667844522968198,sick,lr,29,crcc_p_l0
566,0.8611240989674653,0.661078616723778,0.8793103448275862,0.2067137809187279,0.0017667844522968198,sick,lr,29,crcc_p_l025
566,0.8611240989674653,0.661078616723778,0.8793103448275862,0.2067137809187279,0.0017667844522968198,sick,lr,29,crcc_p_l05
566,0.8611240989674653,0.661078616723778,0.8793103448275862,0.2067137809187279,0.0017667844522968198,sick,lr,29,crcc_p_l10
566,0.8656438729787648,0.6705801944106926,0.8793103448275862,0.13780918727915195,0.0,sick,lr,29,crcc_m
0,0.5069257744009351,0.49968166383701185,0.017241379310344827,0.0,0.0,sick,lr,47,no_cleaning
566,0.5069257744009351,0.49968166383701185,0.017241379310344827,0.09540636042402827,0.04240282685512368,sick,lr,47,random_deletion
566,,,,,,sick,lr,47,global_top_loss
566,0.8629456458211573,0.7153121603671054,0.8275862068965517,0.21908127208480566,0.0017667844522968198,sick,lr,47,class_proportional
315,0.7310637054354179,0.7973632318737991,0.46551724137931033,1.0,0.0,sick,lr,47,oracle_deletion
566,0.8629456458211573,0.7153121603671054,0.8275862068965517,0.21908127208480566,0.0017667844522968198,sick,lr,47,crcc_p_l0
566,0.8629456458211573,0.7153121603671054,0.8275862068965517,0.21908127208480566,0.0017667844522968198,sick,lr,47,crcc_p_l025
566,0.8629456458211573,0.7153121603671054,0.8275862068965517,0.21908127208480566,0.0017667844522968198,sick,lr,47,crcc_p_l05
566,0.8629456458211573,0.7153121603671054,0.8275862068965517,0.21908127208480566,0.0017667844522968198,sick,lr,47,crcc_p_l10
566,0.8646405610753944,0.7200572916826065,0.8275862068965517,0.1519434628975265,0.0017667844522968198,sick,lr,47,crcc_m
0,0.4994350282485876,0.4838533114395183,0.0,0.0,0.0,sick,lr,61,no_cleaning
566,0.50805571790376,0.5007849580138737,0.017241379310344827,0.10777385159010601,0.04770318021201413,sick,lr,61,random_deletion
566,,,,,,sick,lr,61,global_top_loss
566,0.8608318721994934,0.6915225105344867,0.8448275862068966,0.21201413427561838,0.0,sick,lr,61,class_proportional
312,0.6931911163062536,0.7433061123484286,0.39655172413793105,1.0,0.0,sick,lr,61,oracle_deletion
566,0.8608318721994934,0.6915225105344867,0.8448275862068966,0.21201413427561838,0.0,sick,lr,61,crcc_p_l0
566,0.8608318721994934,0.6915225105344867,0.8448275862068966,0.21201413427561838,0.0,sick,lr,61,crcc_p_l025
566,0.8608318721994934,0.6915225105344867,0.8448275862068966,0.21201413427561838,0.0,sick,lr,61,crcc_p_l05
566,0.8608318721994934,0.6915225105344867,0.8448275862068966,0.21201413427561838,0.0,sick,lr,61,crcc_p_l10
566,0.8619618157023183,0.6942829674015114,0.8448275862068966,0.13957597173144876,0.0,sick,lr,61,crcc_m
0,0.4994350282485876,0.4838533114395183,0.0,0.0,0.0,sick,lr,83,no_cleaning
566,0.50805571790376,0.5007849580138737,0.017241379310344827,0.12367491166077739,0.028268551236749116,sick,lr,83,random_deletion
566,,,,,,sick,lr,83,global_top_loss
566,0.900399376582895,0.7198415505411332,0.9137931034482759,0.21024734982332155,0.0035335689045936395,sick,lr,83,class_proportional
309,0.8080849405805572,0.860076245263206,0.6206896551724138,1.0,0.0,sick,lr,83,oracle_deletion
566,0.900399376582895,0.7198415505411332,0.9137931034482759,0.21024734982332155,0.0035335689045936395,sick,lr,83,crcc_p_l0
566,0.900399376582895,0.7198415505411332,0.9137931034482759,0.21024734982332155,0.0035335689045936395,sick,lr,83,crcc_p_l025
566,0.900399376582895,0.7198415505411332,0.9137931034482759,0.21024734982332155,0.0035335689045936395,sick,lr,83,crcc_p_l05
566,0.900399376582895,0.7198415505411332,0.9137931034482759,0.21024734982332155,0.0035335689045936395,sick,lr,83,crcc_p_l10
566,0.9032242353399571,0.7275196486361535,0.9137931034482759,0.14487632508833923,0.0,sick,lr,83,crcc_m
0,0.7529709721410481,0.795496050769301,0.5172413793103449,0.0,0.0,sick,hgb,13,no_cleaning
566,0.719053185271771,0.7681365405489688,0.4482758620689655,0.127208480565371,0.04946996466431095,sick,hgb,13,random_deletion
566,0.7477401129943503,0.8094891181242156,0.5,0.5865724381625441,0.1501766784452297,sick,hgb,13,global_top_loss
566,0.9027858951879992,0.7996732887951243,0.8620689655172413,0.23498233215547704,0.0017667844522968198,sick,hgb,13,class_proportional
348,0.8948568088836938,0.9256906904540512,0.7931034482758621,1.0,0.0,sick,hgb,13,oracle_deletion
566,0.9027858951879992,0.7996732887951243,0.8620689655172413,0.23498233215547704,0.0017667844522968198,sick,hgb,13,crcc_p_l0
566,0.9027858951879992,0.7996732887951243,0.8620689655172413,0.23498233215547704,0.0017667844522968198,sick,hgb,13,crcc_p_l025
566,0.9027858951879992,0.7996732887951243,0.8620689655172413,0.23498233215547704,0.0017667844522968198,sick,hgb,13,crcc_p_l05
566,0.9027858951879992,0.7996732887951243,0.8620689655172413,0.23498233215547704,0.0017667844522968198,sick,hgb,13,crcc_p_l10
566,0.9310539645431521,0.7931661655682996,0.9310344827586207,0.16431095406360424,0.0,sick,hgb,13,crcc_m
0,0.8461036430937074,0.8576159607022065,0.7068965517241379,0.0,0.0,sick,hgb,29,no_cleaning
566,0.8466686148451198,0.8612003552848624,0.7068965517241379,0.09717314487632508,0.045936395759717315,sick,hgb,29,random_deletion
566,0.8225014611338399,0.8537632683618085,0.6551724137931034,0.5300353356890459,0.15371024734982333,sick,hgb,29,global_top_loss
566,0.9550750048704462,0.8287585143618101,0.9655172413793104,0.21201413427561838,0.0,sick,hgb,29,class_proportional
309,0.9643872978764855,0.9719912082689794,0.9310344827586207,1.0,0.0,sick,hgb,29,oracle_deletion
566,0.9550750048704462,0.8287585143618101,0.9655172413793104,0.21201413427561838,0.0,sick,hgb,29,crcc_p_l0
566,0.9550750048704462,0.8287585143618101,0.9655172413793104,0.21201413427561838,0.0,sick,hgb,29,crcc_p_l025
566,0.9550750048704462,0.8287585143618101,0.9655172413793104,0.21201413427561838,0.0,sick,hgb,29,crcc_p_l05
566,0.9550750048704462,0.8287585143618101,0.9655172413793104,0.21201413427561838,0.0,sick,hgb,29,crcc_p_l10
566,0.9533800896162088,0.8216517231717568,0.9655172413793104,0.1413427561837456,0.0,sick,hgb,29,crcc_m
0,0.8058250535749074,0.8445331047217093,0.6206896551724138,0.0,0.0,sick,hgb,47,no_cleaning
566,0.7857588155075005,0.8134221010133419,0.5862068965517241,0.09540636042402827,0.04240282685512368,sick,hgb,47,random_deletion
566,0.7396843950905904,0.8054247716231171,0.4827586206896552,0.5388692579505301,0.1413427561837456,sick,hgb,47,global_top_loss
566,0.9166374439898695,0.7952297562342393,0.896551724137931,0.22084805653710246,0.0,sick,hgb,47,class_proportional
315,0.9224137931034483,0.9554144142724307,0.8448275862068966,1.0,0.0,sick,hgb,47,oracle_deletion
566,0.9166374439898695,0.7952297562342393,0.896551724137931,0.22084805653710246,0.0,sick,hgb,47,crcc_p_l0
566,0.9166374439898695,0.7952297562342393,0.896551724137931,0.22084805653710246,0.0,sick,hgb,47,crcc_p_l025
566,0.9166374439898695,0.7952297562342393,0.896551724137931,0.22084805653710246,0.0,sick,hgb,47,crcc_p_l05
566,0.9166374439898695,0.7952297562342393,0.896551724137931,0.22084805653710246,0.0,sick,hgb,47,crcc_p_l10
566,0.9229982466393922,0.790991083150052,0.9137931034482759,0.15371024734982333,0.0,sick,hgb,47,crcc_m
0,0.8075199688291448,0.8560818029200794,0.6206896551724138,0.0,0.0,sick,hgb,61,no_cleaning
566,0.7816578998636275,0.8353701117318435,0.5689655172413793,0.10777385159010601,0.04770318021201413,sick,hgb,61,random_deletion
566,0.8172706019871421,0.8708396110121901,0.6379310344827587,0.5424028268551236,0.15371024734982333,sick,hgb,61,global_top_loss
566,0.9251120202610559,0.830826192339256,0.896551724137931,0.21201413427561838,0.0,sick,hgb,61,class_proportional
312,0.8776154295733489,0.9142750193845084,0.7586206896551724,1.0,0.0,sick,hgb,61,oracle_deletion
566,0.9251120202610559,0.830826192339256,0.896551724137931,0.21201413427561838,0.0,sick,hgb,61,crcc_p_l0
566,0.9251120202610559,0.830826192339256,0.896551724137931,0.21201413427561838,0.0,sick,hgb,61,crcc_p_l025
566,0.9251120202610559,0.830826192339256,0.896551724137931,0.21201413427561838,0.0,sick,hgb,61,crcc_p_l05
566,0.9251120202610559,0.830826192339256,0.896551724137931,0.21201413427561838,0.0,sick,hgb,61,crcc_p_l10
566,0.9217221897525814,0.8158834125981294,0.896551724137931,0.13957597173144876,0.0,sick,hgb,61,crcc_m
0,0.8035651665692578,0.8300720797116812,0.6206896551724138,0.0,0.0,sick,hgb,83,no_cleaning
566,0.8357880381842977,0.8412835135242168,0.6896551724137931,0.12367491166077739,0.028268551236749116,sick,hgb,83,random_deletion
566,0.7994642509253848,0.8532786271199138,0.603448275862069,0.5265017667844523,0.15547703180212014,sick,hgb,83,global_top_loss
566,0.9286479641535165,0.8132505175983438,0.9137931034482759,0.20318021201413428,0.0035335689045936395,sick,hgb,83,class_proportional
309,0.9649522696278979,0.9764660667135848,0.9310344827586207,1.0,0.0,sick,hgb,83,oracle_deletion
566,0.9286479641535165,0.8132505175983438,0.9137931034482759,0.20318021201413428,0.0035335689045936395,sick,hgb,83,crcc_p_l0
566,0.9286479641535165,0.8132505175983438,0.9137931034482759,0.20318021201413428,0.0035335689045936395,sick,hgb,83,crcc_p_l025
566,0.9286479641535165,0.8132505175983438,0.9137931034482759,0.20318021201413428,0.0035335689045936395,sick,hgb,83,crcc_p_l05
566,0.9286479641535165,0.8132505175983438,0.9137931034482759,0.20318021201413428,0.0035335689045936395,sick,hgb,83,crcc_p_l10
566,0.9276641340346776,0.7808792582628873,0.9310344827586207,0.13780918727915195,0.0017667844522968198,sick,hgb,83,crcc_m
