deleted,balanced_accuracy,macro_f1,minority_recall,noise_precision_deleted,clean_minority_deletion_rate,n_relabeled,n_synthetic,relabel_correctness,dataset,model,seed,noise_protocol,mn_to_maj,maj_to_min,method
0,0.5426268656716418,0.5089514066496164,0.14925373134328357,,,0.0,0.0,,pima,hgb,13,hidden_minority_medium,0.3,0.1,no_cleaning
44,0.5247761194029851,0.46907993966817496,0.08955223880597014,0.5,0.45454545454545453,,,,pima,hgb,13,hidden_minority_medium,0.3,0.1,global_top_loss
44,0.6111044776119403,0.6135265700483092,0.3582089552238806,0.2727272727272727,0.022727272727272728,,,,pima,hgb,13,hidden_minority_medium,0.3,0.1,class_proportional
0,0.5940298507462687,0.5962788326749076,0.3880597014925373,,,44.0,0.0,0.11363636363636363,pima,hgb,13,hidden_minority_medium,0.3,0.1,balanced_oof_relabel
0,0.5774925373134329,0.578934362934363,0.40298507462686567,,,44.0,0.0,0.09090909090909091,pima,hgb,13,hidden_minority_medium,0.3,0.1,unbalanced_oof_relabel
0,0.620955223880597,0.6250840295784116,0.417910447761194,,,44.0,0.0,0.11363636363636363,pima,hgb,13,hidden_minority_medium,0.3,0.1,shuffled_score_relabel
0,0.562865671641791,0.5538028169014084,0.2537313432835821,,,44.0,0.0,0.045454545454545456,pima,hgb,13,hidden_minority_medium,0.3,0.1,inverted_score_relabel
0,0.558865671641791,0.5499422733792814,0.2537313432835821,,,44.0,0.0,0.045454545454545456,pima,hgb,13,hidden_minority_medium,0.3,0.1,random_relabel
0,0.5426268656716418,0.5089514066496164,0.14925373134328357,,,0.0,0.0,,pima,hgb,13,hidden_minority_medium,0.3,0.1,class_weight_only
0,0.6167164179104478,0.6163836163836164,0.31343283582089554,,,20.0,0.0,1.0,pima,hgb,13,hidden_minority_medium,0.3,0.1,oracle_relabel
0,0.5452537313432836,0.5423048035790092,0.29850746268656714,,,0.0,0.0,,pima,hgb,13,reverse_asymmetric,0.1,0.3,no_cleaning
44,0.6497313432835821,0.6529305432151721,0.5074626865671642,0.6590909090909091,0.1590909090909091,,,,pima,hgb,13,reverse_asymmetric,0.1,0.3,global_top_loss
44,0.6068059701492537,0.6075036075036075,0.47761194029850745,0.4090909090909091,0.045454545454545456,,,,pima,hgb,13,reverse_asymmetric,0.1,0.3,class_proportional
0,0.6368955223880597,0.6221322537112011,0.6417910447761194,,,44.0,0.0,0.09090909090909091,pima,hgb,13,reverse_asymmetric,0.1,0.3,balanced_oof_relabel
0,0.5726567164179104,0.5644283121597096,0.5373134328358209,,,44.0,0.0,0.09090909090909091,pima,hgb,13,reverse_asymmetric,0.1,0.3,unbalanced_oof_relabel
0,0.5422686567164179,0.536139612881221,0.4925373134328358,,,44.0,0.0,0.045454545454545456,pima,hgb,13,reverse_asymmetric,0.1,0.3,shuffled_score_relabel
0,0.5286567164179105,0.514976542764345,0.5373134328358209,,,44.0,0.0,0.022727272727272728,pima,hgb,13,reverse_asymmetric,0.1,0.3,inverted_score_relabel
0,0.6123582089552239,0.5908675799086758,0.6567164179104478,,,44.0,0.0,0.045454545454545456,pima,hgb,13,reverse_asymmetric,0.1,0.3,random_relabel
0,0.5452537313432836,0.5423048035790092,0.29850746268656714,,,0.0,0.0,,pima,hgb,13,reverse_asymmetric,0.1,0.3,class_weight_only
0,0.642268656716418,0.64562569213732,0.4925373134328358,,,9.0,0.0,1.0,pima,hgb,13,reverse_asymmetric,0.1,0.3,oracle_relabel
0,0.5674029850746268,0.5555555555555556,0.23880597014925373,,,0.0,0.0,,pima,hgb,13,symmetric,0.2,0.2,no_cleaning
44,0.6116417910447761,0.6133128520225295,0.34328358208955223,0.6818181818181818,0.2727272727272727,,,,pima,hgb,13,symmetric,0.2,0.2,global_top_loss
44,0.6334925373134328,0.6388476388476388,0.40298507462686567,0.3409090909090909,0.045454545454545456,,,,pima,hgb,13,symmetric,0.2,0.2,class_proportional
0,0.6251940298507462,0.6242884250474383,0.5223880597014925,,,44.0,0.0,0.11363636363636363,pima,hgb,13,symmetric,0.2,0.2,balanced_oof_relabel
0,0.6108059701492538,0.6118637419666294,0.47761194029850745,,,44.0,0.0,0.09090909090909091,pima,hgb,13,symmetric,0.2,0.2,unbalanced_oof_relabel
0,0.6233432835820896,0.6263783783783784,0.4626865671641791,,,44.0,0.0,0.045454545454545456,pima,hgb,13,symmetric,0.2,0.2,shuffled_score_relabel
0,0.5151044776119403,0.5151515151515151,0.3582089552238806,,,44.0,0.0,0.022727272727272728,pima,hgb,13,symmetric,0.2,0.2,inverted_score_relabel
0,0.6204179104477612,0.6242424242424243,0.43283582089552236,,,44.0,0.0,0.09090909090909091,pima,hgb,13,symmetric,0.2,0.2,random_relabel
0,0.5674029850746268,0.5555555555555556,0.23880597014925373,,,0.0,0.0,,pima,hgb,13,symmetric,0.2,0.2,class_weight_only
0,0.6438805970149254,0.6496686833765486,0.44776119402985076,,,13.0,0.0,1.0,pima,hgb,13,symmetric,0.2,0.2,oracle_relabel
0,0.5897910447761194,0.5849016480595428,0.2835820895522388,,,0.0,0.0,,pima,hgb,17,hidden_minority_medium,0.3,0.1,no_cleaning
44,0.5719402985074628,0.5568790946992257,0.22388059701492538,0.5454545454545454,0.38636363636363635,,,,pima,hgb,17,hidden_minority_medium,0.3,0.1,global_top_loss
44,0.6300298507462687,0.6348957464553795,0.3880597014925373,0.25,0.022727272727272728,,,,pima,hgb,17,hidden_minority_medium,0.3,0.1,class_proportional
0,0.7025074626865672,0.7045529976163896,0.5970149253731343,,,44.0,0.0,0.13636363636363635,pima,hgb,17,hidden_minority_medium,0.3,0.1,balanced_oof_relabel
0,0.6721194029850747,0.6743791641429436,0.5522388059701493,,,44.0,0.0,0.11363636363636363,pima,hgb,17,hidden_minority_medium,0.3,0.1,unbalanced_oof_relabel
0,0.5841791044776119,0.583653044203503,0.3283582089552239,,,44.0,0.0,0.0,pima,hgb,17,hidden_minority_medium,0.3,0.1,shuffled_score_relabel
0,0.5170149253731343,0.49971830985915494,0.19402985074626866,,,44.0,0.0,0.022727272727272728,pima,hgb,17,hidden_minority_medium,0.3,0.1,inverted_score_relabel
0,0.560179104477612,0.5593340876030386,0.3283582089552239,,,44.0,0.0,0.0,pima,hgb,17,hidden_minority_medium,0.3,0.1,random_relabel
0,0.5897910447761194,0.5849016480595428,0.2835820895522388,,,0.0,0.0,,pima,hgb,17,hidden_minority_medium,0.3,0.1,class_weight_only
0,0.628955223880597,0.6338128333602715,0.417910447761194,,,15.0,0.0,1.0,pima,hgb,17,hidden_minority_medium,0.3,0.1,oracle_relabel
0,0.631044776119403,0.62426614481409,0.582089552238806,,,0.0,0.0,,pima,hgb,17,reverse_asymmetric,0.1,0.3,no_cleaning
44,0.6268059701492538,0.6294004105517939,0.47761194029850745,0.6818181818181818,0.13636363636363635,,,,pima,hgb,17,reverse_asymmetric,0.1,0.3,global_top_loss
44,0.7222089552238806,0.7093816935599029,0.7164179104477612,0.36363636363636365,0.045454545454545456,,,,pima,hgb,17,reverse_asymmetric,0.1,0.3,class_proportional
0,0.7013731343283582,0.6549019607843137,0.8507462686567164,,,44.0,0.0,0.022727272727272728,pima,hgb,17,reverse_asymmetric,0.1,0.3,balanced_oof_relabel
0,0.7184477611940299,0.6833424958768555,0.8208955223880597,,,44.0,0.0,0.022727272727272728,pima,hgb,17,reverse_asymmetric,0.1,0.3,unbalanced_oof_relabel
0,0.5982089552238805,0.5607843137254902,0.7164179104477612,,,44.0,0.0,0.0,pima,hgb,17,reverse_asymmetric,0.1,0.3,shuffled_score_relabel
0,0.5315820895522387,0.5132275132275133,0.5671641791044776,,,44.0,0.0,0.0,pima,hgb,17,reverse_asymmetric,0.1,0.3,inverted_score_relabel
0,0.5888955223880596,0.566137566137566,0.6417910447761194,,,44.0,0.0,0.0,pima,hgb,17,reverse_asymmetric,0.1,0.3,random_relabel
0,0.631044776119403,0.62426614481409,0.582089552238806,,,0.0,0.0,,pima,hgb,17,reverse_asymmetric,0.1,0.3,class_weight_only
0,0.7032835820895522,0.6921667430142007,0.6865671641791045,,,5.0,0.0,1.0,pima,hgb,17,reverse_asymmetric,0.1,0.3,oracle_relabel
0,0.6009552238805971,0.603553998248029,0.417910447761194,,,0.0,0.0,,pima,hgb,17,symmetric,0.2,0.2,no_cleaning
44,0.6214925373134328,0.6257309941520468,0.40298507462686567,0.7045454545454546,0.1590909090909091,,,,pima,hgb,17,symmetric,0.2,0.2,global_top_loss
44,0.630268656716418,0.6322845417236662,0.4925373134328358,0.2727272727272727,0.045454545454545456,,,,pima,hgb,17,symmetric,0.2,0.2,class_proportional
0,0.7062089552238806,0.6903488668194551,0.7164179104477612,,,44.0,0.0,0.0,pima,hgb,17,symmetric,0.2,0.2,balanced_oof_relabel
0,0.6907462686567165,0.6747600225861095,0.7014925373134329,,,44.0,0.0,0.022727272727272728,pima,hgb,17,symmetric,0.2,0.2,unbalanced_oof_relabel
0,0.6361194029850746,0.6335339891352225,0.5522388059701493,,,44.0,0.0,0.0,pima,hgb,17,symmetric,0.2,0.2,shuffled_score_relabel
0,0.532955223880597,0.5320510938188225,0.417910447761194,,,44.0,0.0,0.0,pima,hgb,17,symmetric,0.2,0.2,inverted_score_relabel
0,0.5801194029850747,0.5708343943638061,0.5522388059701493,,,44.0,0.0,0.06818181818181818,pima,hgb,17,symmetric,0.2,0.2,random_relabel
0,0.6009552238805971,0.603553998248029,0.417910447761194,,,0.0,0.0,,pima,hgb,17,symmetric,0.2,0.2,class_weight_only
0,0.6108059701492538,0.6118637419666294,0.47761194029850745,,,10.0,0.0,1.0,pima,hgb,17,symmetric,0.2,0.2,oracle_relabel
0,0.5346268656716417,0.5021479159410194,0.14925373134328357,,,0.0,0.0,,pima,hgb,23,hidden_minority_medium,0.3,0.1,no_cleaning
44,0.574089552238806,0.5421052631578948,0.16417910447761194,0.5454545454545454,0.45454545454545453,,,,pima,hgb,23,hidden_minority_medium,0.3,0.1,global_top_loss
44,0.6081791044776119,0.6086100266040148,0.3283582089552239,0.18181818181818182,0.11363636363636363,,,,pima,hgb,23,hidden_minority_medium,0.3,0.1,class_proportional
0,0.6204179104477612,0.6242424242424243,0.43283582089552236,,,44.0,0.0,0.09090909090909091,pima,hgb,23,hidden_minority_medium,0.3,0.1,balanced_oof_relabel
0,0.6473432835820896,0.6529570318693516,0.4626865671641791,,,44.0,0.0,0.09090909090909091,pima,hgb,23,hidden_minority_medium,0.3,0.1,unbalanced_oof_relabel
0,0.566865671641791,0.5576820839978734,0.2537313432835821,,,44.0,0.0,0.045454545454545456,pima,hgb,23,hidden_minority_medium,0.3,0.1,shuffled_score_relabel
0,0.5314029850746268,0.5215565796210957,0.23880597014925373,,,44.0,0.0,0.0,pima,hgb,23,hidden_minority_medium,0.3,0.1,inverted_score_relabel
0,0.5567164179104478,0.5548443980015021,0.31343283582089554,,,44.0,0.0,0.0,pima,hgb,23,hidden_minority_medium,0.3,0.1,random_relabel
0,0.5346268656716417,0.5021479159410194,0.14925373134328357,,,0.0,0.0,,pima,hgb,23,hidden_minority_medium,0.3,0.1,class_weight_only
0,0.6001791044776119,0.600204813108039,0.3283582089552239,,,15.0,0.0,1.0,pima,hgb,23,hidden_minority_medium,0.3,0.1,oracle_relabel
0,0.5902686567164179,0.5884304801057113,0.4925373134328358,,,0.0,0.0,,pima,hgb,23,reverse_asymmetric,0.1,0.3,no_cleaning
44,0.568955223880597,0.5697153240460326,0.417910447761194,0.6590909090909091,0.11363636363636363,,,,pima,hgb,23,reverse_asymmetric,0.1,0.3,global_top_loss
44,0.6115820895522388,0.6042143838754008,0.5671641791044776,0.3409090909090909,0.09090909090909091,,,,pima,hgb,23,reverse_asymmetric,0.1,0.3,class_proportional
0,0.604358208955224,0.5814454041226303,0.6567164179104478,,,44.0,0.0,0.022727272727272728,pima,hgb,23,reverse_asymmetric,0.1,0.3,balanced_oof_relabel
0,0.6238208955223881,0.6014943960149439,0.6716417910447762,,,44.0,0.0,0.022727272727272728,pima,hgb,23,reverse_asymmetric,0.1,0.3,unbalanced_oof_relabel
0,0.5785074626865672,0.5622288955622289,0.5970149253731343,,,44.0,0.0,0.022727272727272728,pima,hgb,23,reverse_asymmetric,0.1,0.3,shuffled_score_relabel
0,0.5051940298507462,0.4906598872554438,0.5223880597014925,,,44.0,0.0,0.022727272727272728,pima,hgb,23,reverse_asymmetric,0.1,0.3,inverted_score_relabel
0,0.6227462686567165,0.5941026274606704,0.7014925373134329,,,44.0,0.0,0.0,pima,hgb,23,reverse_asymmetric,0.1,0.3,random_relabel
0,0.5902686567164179,0.5884304801057113,0.4925373134328358,,,0.0,0.0,,pima,hgb,23,reverse_asymmetric,0.1,0.3,class_weight_only
0,0.5862686567164179,0.5840749414519906,0.4925373134328358,,,5.0,0.0,1.0,pima,hgb,23,reverse_asymmetric,0.1,0.3,oracle_relabel
0,0.5887164179104478,0.5870967741935484,0.31343283582089554,,,0.0,0.0,,pima,hgb,23,symmetric,0.2,0.2,no_cleaning
44,0.6007164179104478,0.5994993742177722,0.31343283582089554,0.5681818181818182,0.2727272727272727,,,,pima,hgb,23,symmetric,0.2,0.2,global_top_loss
44,0.5497910447761194,0.5452210175145955,0.2835820895522388,0.25,0.09090909090909091,,,,pima,hgb,23,symmetric,0.2,0.2,class_proportional
0,0.6401194029850746,0.6380346412159774,0.5522388059701493,,,44.0,0.0,0.06818181818181818,pima,hgb,23,symmetric,0.2,0.2,balanced_oof_relabel
0,0.6131940298507462,0.6109822346204669,0.5223880597014925,,,44.0,0.0,0.045454545454545456,pima,hgb,23,symmetric,0.2,0.2,unbalanced_oof_relabel
0,0.5982686567164179,0.5971512160524838,0.4925373134328358,,,44.0,0.0,0.0,pima,hgb,23,symmetric,0.2,0.2,shuffled_score_relabel
0,0.516179104477612,0.515688445921004,0.3283582089552239,,,44.0,0.0,0.022727272727272728,pima,hgb,23,symmetric,0.2,0.2,inverted_score_relabel
0,0.5620298507462687,0.5629383536360281,0.3880597014925373,,,44.0,0.0,0.022727272727272728,pima,hgb,23,symmetric,0.2,0.2,random_relabel
0,0.5887164179104478,0.5870967741935484,0.31343283582089554,,,0.0,0.0,,pima,hgb,23,symmetric,0.2,0.2,class_weight_only
0,0.6100298507462687,0.6132553606237816,0.3880597014925373,,,11.0,0.0,1.0,pima,hgb,23,symmetric,0.2,0.2,oracle_relabel
0,0.6028656716417911,0.5936507936507937,0.2537313432835821,,,0.0,0.0,,pima,hgb,29,hidden_minority_medium,0.3,0.1,no_cleaning
44,0.5666268656716418,0.5298609670056028,0.14925373134328357,0.5681818181818182,0.4090909090909091,,,,pima,hgb,29,hidden_minority_medium,0.3,0.1,global_top_loss
44,0.6196417910447761,0.6218774833293024,0.34328358208955223,0.29545454545454547,0.022727272727272728,,,,pima,hgb,29,hidden_minority_medium,0.3,0.1,class_proportional
0,0.642268656716418,0.64562569213732,0.4925373134328358,,,44.0,0.0,0.20454545454545456,pima,hgb,29,hidden_minority_medium,0.3,0.1,balanced_oof_relabel
0,0.5860298507462687,0.5878787878787879,0.3880597014925373,,,44.0,0.0,0.18181818181818182,pima,hgb,29,hidden_minority_medium,0.3,0.1,unbalanced_oof_relabel
0,0.624955223880597,0.629439011837365,0.417910447761194,,,44.0,0.0,0.022727272727272728,pima,hgb,29,hidden_minority_medium,0.3,0.1,shuffled_score_relabel
0,0.5266268656716417,0.4954103980194249,0.14925373134328357,,,44.0,0.0,0.0,pima,hgb,29,hidden_minority_medium,0.3,0.1,inverted_score_relabel
0,0.6236417910447761,0.6261994159365875,0.34328358208955223,,,44.0,0.0,0.045454545454545456,pima,hgb,29,hidden_minority_medium,0.3,0.1,random_relabel
0,0.6028656716417911,0.5936507936507937,0.2537313432835821,,,0.0,0.0,,pima,hgb,29,hidden_minority_medium,0.3,0.1,class_weight_only
0,0.6161791044776119,0.6171150683972991,0.3283582089552239,,,22.0,0.0,1.0,pima,hgb,29,hidden_minority_medium,0.3,0.1,oracle_relabel
0,0.6331940298507462,0.6331940298507462,0.5223880597014925,,,0.0,0.0,,pima,hgb,29,reverse_asymmetric,0.1,0.3,no_cleaning
44,0.6084179104477612,0.6112512849266424,0.43283582089552236,0.6818181818181818,0.11363636363636363,,,,pima,hgb,29,reverse_asymmetric,0.1,0.3,global_top_loss
44,0.6315820895522388,0.6267301163566723,0.5671641791044776,0.38636363636363635,0.0,,,,pima,hgb,29,reverse_asymmetric,0.1,0.3,class_proportional
0,0.6696716417910448,0.6440016604400166,0.7313432835820896,,,44.0,0.0,0.06818181818181818,pima,hgb,29,reverse_asymmetric,0.1,0.3,balanced_oof_relabel
0,0.6392835820895522,0.6168514412416852,0.6865671641791045,,,44.0,0.0,0.045454545454545456,pima,hgb,29,reverse_asymmetric,0.1,0.3,unbalanced_oof_relabel
0,0.6408955223880597,0.6267643330046485,0.6417910447761194,,,44.0,0.0,0.022727272727272728,pima,hgb,29,reverse_asymmetric,0.1,0.3,shuffled_score_relabel
0,0.5806567164179104,0.5733333333333333,0.5373134328358209,,,44.0,0.0,0.0,pima,hgb,29,reverse_asymmetric,0.1,0.3,inverted_score_relabel
0,0.6008955223880597,0.5802407638024076,0.6417910447761194,,,44.0,0.0,0.022727272727272728,pima,hgb,29,reverse_asymmetric,0.1,0.3,random_relabel
0,0.6331940298507462,0.6331940298507462,0.5223880597014925,,,0.0,0.0,,pima,hgb,29,reverse_asymmetric,0.1,0.3,class_weight_only
0,0.6705074626865671,0.6673616209073557,0.5970149253731343,,,9.0,0.0,1.0,pima,hgb,29,reverse_asymmetric,0.1,0.3,oracle_relabel
0,0.6404179104477612,0.6462259576531437,0.43283582089552236,,,0.0,0.0,,pima,hgb,29,symmetric,0.2,0.2,no_cleaning
44,0.6201791044776119,0.6214084507042253,0.3283582089552239,0.7727272727272727,0.1590909090909091,,,,pima,hgb,29,symmetric,0.2,0.2,global_top_loss
44,0.707044776119403,0.7117558748736175,0.582089552238806,0.3181818181818182,0.022727272727272728,,,,pima,hgb,29,symmetric,0.2,0.2,class_proportional
0,0.6848955223880597,0.6777777777777778,0.6417910447761194,,,44.0,0.0,0.09090909090909091,pima,hgb,29,symmetric,0.2,0.2,balanced_oof_relabel
0,0.6768955223880597,0.6684701277771383,0.6417910447761194,,,44.0,0.0,0.06818181818181818,pima,hgb,29,symmetric,0.2,0.2,unbalanced_oof_relabel
0,0.5998805970149254,0.6015625,0.44776119402985076,,,44.0,0.0,0.06818181818181818,pima,hgb,29,symmetric,0.2,0.2,shuffled_score_relabel
0,0.540179104477612,0.5393939393939394,0.3283582089552239,,,44.0,0.0,0.022727272727272728,pima,hgb,29,symmetric,0.2,0.2,inverted_score_relabel
0,0.622268656716418,0.6234498989228494,0.4925373134328358,,,44.0,0.0,0.045454545454545456,pima,hgb,29,symmetric,0.2,0.2,random_relabel
0,0.6404179104477612,0.6462259576531437,0.43283582089552236,,,0.0,0.0,,pima,hgb,29,symmetric,0.2,0.2,class_weight_only
0,0.6433432835820896,0.6484848484848484,0.4626865671641791,,,15.0,0.0,1.0,pima,hgb,29,symmetric,0.2,0.2,oracle_relabel
0,0.5754029850746268,0.5633162142333089,0.23880597014925373,,,0.0,0.0,,pima,hgb,31,hidden_minority_medium,0.3,0.1,no_cleaning
44,0.562089552238806,0.5312012168274427,0.16417910447761194,0.5681818181818182,0.38636363636363635,,,,pima,hgb,31,hidden_minority_medium,0.3,0.1,global_top_loss
44,0.6380298507462687,0.6437126758662572,0.3880597014925373,0.3181818181818182,0.022727272727272728,,,,pima,hgb,31,hidden_minority_medium,0.3,0.1,class_proportional
0,0.6268059701492538,0.6294004105517939,0.47761194029850745,,,44.0,0.0,0.18181818181818182,pima,hgb,31,hidden_minority_medium,0.3,0.1,balanced_oof_relabel
0,0.614268656716418,0.6146541652937123,0.4925373134328358,,,44.0,0.0,0.1590909090909091,pima,hgb,31,hidden_minority_medium,0.3,0.1,unbalanced_oof_relabel
0,0.5743283582089552,0.5673239436619718,0.26865671641791045,,,44.0,0.0,0.0,pima,hgb,31,hidden_minority_medium,0.3,0.1,shuffled_score_relabel
0,0.5114029850746269,0.5031187790311877,0.23880597014925373,,,44.0,0.0,0.0,pima,hgb,31,hidden_minority_medium,0.3,0.1,inverted_score_relabel
0,0.616955223880597,0.6207467822097616,0.417910447761194,,,44.0,0.0,0.1590909090909091,pima,hgb,31,hidden_minority_medium,0.3,0.1,random_relabel
0,0.5754029850746268,0.5633162142333089,0.23880597014925373,,,0.0,0.0,,pima,hgb,31,hidden_minority_medium,0.3,0.1,class_weight_only
0,0.6593432835820896,0.6664951106536283,0.4626865671641791,,,19.0,0.0,1.0,pima,hgb,31,hidden_minority_medium,0.3,0.1,oracle_relabel
0,0.6259701492537313,0.6142942025294966,0.6119402985074627,,,0.0,0.0,,pima,hgb,31,reverse_asymmetric,0.1,0.3,no_cleaning
44,0.6254328358208956,0.611336032388664,0.6268656716417911,0.5454545454545454,0.18181818181818182,,,,pima,hgb,31,reverse_asymmetric,0.1,0.3,global_top_loss
44,0.6427462686567165,0.6179949154415829,0.7014925373134329,0.3409090909090909,0.09090909090909091,,,,pima,hgb,31,reverse_asymmetric,0.1,0.3,class_proportional
0,0.6016716417910448,0.5613099771515613,0.7313432835820896,,,44.0,0.0,0.06818181818181818,pima,hgb,31,reverse_asymmetric,0.1,0.3,balanced_oof_relabel
0,0.6027462686567164,0.5699300699300699,0.7014925373134329,,,44.0,0.0,0.06818181818181818,pima,hgb,31,reverse_asymmetric,0.1,0.3,unbalanced_oof_relabel
0,0.5808955223880596,0.5566794942275975,0.6417910447761194,,,44.0,0.0,0.0,pima,hgb,31,reverse_asymmetric,0.1,0.3,shuffled_score_relabel
0,0.587820895522388,0.5586206896551724,0.6716417910447762,,,44.0,0.0,0.0,pima,hgb,31,reverse_asymmetric,0.1,0.3,inverted_score_relabel
0,0.6445970149253731,0.6069761729304839,0.7611940298507462,,,44.0,0.0,0.0,pima,hgb,31,reverse_asymmetric,0.1,0.3,random_relabel
0,0.6259701492537313,0.6142942025294966,0.6119402985074627,,,0.0,0.0,,pima,hgb,31,reverse_asymmetric,0.1,0.3,class_weight_only
0,0.6323582089552239,0.6142857142857143,0.6567164179104478,,,5.0,0.0,1.0,pima,hgb,31,reverse_asymmetric,0.1,0.3,oracle_relabel
0,0.5940298507462687,0.5962788326749076,0.3880597014925373,,,0.0,0.0,,pima,hgb,31,symmetric,0.2,0.2,no_cleaning
44,0.5492537313432836,0.546218487394958,0.29850746268656714,0.7727272727272727,0.1590909090909091,,,,pima,hgb,31,symmetric,0.2,0.2,global_top_loss
44,0.6131940298507462,0.6109822346204669,0.5223880597014925,0.3409090909090909,0.022727272727272728,,,,pima,hgb,31,symmetric,0.2,0.2,class_proportional
0,0.603044776119403,0.5925642984466514,0.582089552238806,,,44.0,0.0,0.09090909090909091,pima,hgb,31,symmetric,0.2,0.2,balanced_oof_relabel
0,0.6563582089552239,0.6422360248447205,0.6567164179104478,,,44.0,0.0,0.13636363636363635,pima,hgb,31,symmetric,0.2,0.2,unbalanced_oof_relabel
0,0.5191044776119403,0.5191744863168694,0.3582089552238806,,,44.0,0.0,0.022727272727272728,pima,hgb,31,symmetric,0.2,0.2,shuffled_score_relabel
0,0.5804179104477611,0.5813446396123562,0.43283582089552236,,,44.0,0.0,0.022727272727272728,pima,hgb,31,symmetric,0.2,0.2,inverted_score_relabel
0,0.5134925373134328,0.5124770160231154,0.40298507462686567,,,44.0,0.0,0.045454545454545456,pima,hgb,31,symmetric,0.2,0.2,random_relabel
0,0.5940298507462687,0.5962788326749076,0.3880597014925373,,,0.0,0.0,,pima,hgb,31,symmetric,0.2,0.2,class_weight_only
0,0.6505074626865671,0.6444444444444444,0.5970149253731343,,,14.0,0.0,1.0,pima,hgb,31,symmetric,0.2,0.2,oracle_relabel
0,0.5964776119402985,0.5773125725493335,0.208955223880597,,,0.0,0.0,,pima,hgb,37,hidden_minority_medium,0.3,0.1,no_cleaning
44,0.5447761194029851,0.48412104127207856,0.08955223880597014,0.5909090909090909,0.4090909090909091,,,,pima,hgb,37,hidden_minority_medium,0.3,0.1,global_top_loss
44,0.5823283582089552,0.5752818609961468,0.26865671641791045,0.4090909090909091,0.0,,,,pima,hgb,37,hidden_minority_medium,0.3,0.1,class_proportional
0,0.616955223880597,0.6207467822097616,0.417910447761194,,,44.0,0.0,0.25,pima,hgb,37,hidden_minority_medium,0.3,0.1,balanced_oof_relabel
0,0.6582686567164179,0.663621574271055,0.4925373134328358,,,44.0,0.0,0.25,pima,hgb,37,hidden_minority_medium,0.3,0.1,unbalanced_oof_relabel
0,0.5543283582089552,0.5477726574500767,0.26865671641791045,,,44.0,0.0,0.045454545454545456,pima,hgb,37,hidden_minority_medium,0.3,0.1,shuffled_score_relabel
0,0.5679402985074627,0.5530428999002328,0.22388059701492538,,,44.0,0.0,0.0,pima,hgb,37,hidden_minority_medium,0.3,0.1,inverted_score_relabel
0,0.6254925373134328,0.6300819645364595,0.40298507462686567,,,44.0,0.0,0.11363636363636363,pima,hgb,37,hidden_minority_medium,0.3,0.1,random_relabel
0,0.5964776119402985,0.5773125725493335,0.208955223880597,,,0.0,0.0,,pima,hgb,37,hidden_minority_medium,0.3,0.1,class_weight_only
0,0.5892537313432835,0.5861493533583646,0.29850746268656714,,,20.0,0.0,1.0,pima,hgb,37,hidden_minority_medium,0.3,0.1,oracle_relabel
0,0.5574925373134328,0.5580860084797092,0.40298507462686567,,,0.0,0.0,,pima,hgb,37,reverse_asymmetric,0.1,0.3,no_cleaning
44,0.5860298507462687,0.5878787878787879,0.3880597014925373,0.7045454545454546,0.09090909090909091,,,,pima,hgb,37,reverse_asymmetric,0.1,0.3,global_top_loss
44,0.6161194029850747,0.6111111111111112,0.5522388059701493,0.4090909090909091,0.022727272727272728,,,,pima,hgb,37,reverse_asymmetric,0.1,0.3,class_proportional
0,0.5848955223880596,0.5614146140085318,0.6417910447761194,,,44.0,0.0,0.022727272727272728,pima,hgb,37,reverse_asymmetric,0.1,0.3,balanced_oof_relabel
0,0.5545074626865671,0.5343915343915344,0.5970149253731343,,,44.0,0.0,0.022727272727272728,pima,hgb,37,reverse_asymmetric,0.1,0.3,unbalanced_oof_relabel
0,0.5366567164179105,0.5240509149653232,0.5373134328358209,,,44.0,0.0,0.0,pima,hgb,37,reverse_asymmetric,0.1,0.3,shuffled_score_relabel
0,0.5734328358208955,0.5508462914545205,0.6268656716417911,,,44.0,0.0,0.0,pima,hgb,37,reverse_asymmetric,0.1,0.3,inverted_score_relabel
0,0.5625074626865672,0.5437161489996685,0.5970149253731343,,,44.0,0.0,0.0,pima,hgb,37,reverse_asymmetric,0.1,0.3,random_relabel
0,0.5574925373134328,0.5580860084797092,0.40298507462686567,,,0.0,0.0,,pima,hgb,37,reverse_asymmetric,0.1,0.3,class_weight_only
0,0.544955223880597,0.5445920303605313,0.417910447761194,,,2.0,0.0,1.0,pima,hgb,37,reverse_asymmetric,0.1,0.3,oracle_relabel
0,0.5543283582089552,0.5477726574500767,0.26865671641791045,,,0.0,0.0,,pima,hgb,37,symmetric,0.2,0.2,no_cleaning
44,0.5479402985074627,0.534180105608677,0.22388059701492538,0.6590909090909091,0.3181818181818182,,,,pima,hgb,37,symmetric,0.2,0.2,global_top_loss
44,0.5945671641791045,0.596573460481655,0.373134328358209,0.3181818181818182,0.09090909090909091,,,,pima,hgb,37,symmetric,0.2,0.2,class_proportional
0,0.6265074626865672,0.6170940170940171,0.5970149253731343,,,44.0,0.0,0.13636363636363635,pima,hgb,37,symmetric,0.2,0.2,balanced_oof_relabel
0,0.5811940298507463,0.5756479807112718,0.5223880597014925,,,44.0,0.0,0.13636363636363635,pima,hgb,37,symmetric,0.2,0.2,unbalanced_oof_relabel
0,0.568955223880597,0.5697153240460326,0.417910447761194,,,44.0,0.0,0.022727272727272728,pima,hgb,37,symmetric,0.2,0.2,shuffled_score_relabel
0,0.5694925373134329,0.5705750788933485,0.40298507462686567,,,44.0,0.0,0.0,pima,hgb,37,symmetric,0.2,0.2,inverted_score_relabel
0,0.5740298507462687,0.5753667881506401,0.3880597014925373,,,44.0,0.0,0.0,pima,hgb,37,symmetric,0.2,0.2,random_relabel
0,0.5543283582089552,0.5477726574500767,0.26865671641791045,,,0.0,0.0,,pima,hgb,37,symmetric,0.2,0.2,class_weight_only
0,0.6044179104477612,0.6069478908188586,0.43283582089552236,,,14.0,0.0,1.0,pima,hgb,37,symmetric,0.2,0.2,oracle_relabel
0,0.6207164179104478,0.6206760300298143,0.31343283582089554,,,0.0,0.0,,pima,hgb,41,hidden_minority_medium,0.3,0.1,no_cleaning
44,0.5322388059701493,0.48205021788752855,0.1044776119402985,0.45454545454545453,0.5227272727272727,,,,pima,hgb,41,hidden_minority_medium,0.3,0.1,global_top_loss
44,0.5927164179104478,0.5912087912087912,0.31343283582089554,0.29545454545454547,0.045454545454545456,,,,pima,hgb,41,hidden_minority_medium,0.3,0.1,class_proportional
0,0.6961194029850746,0.7022332506203475,0.5522388059701493,,,44.0,0.0,0.1590909090909091,pima,hgb,41,hidden_minority_medium,0.3,0.1,balanced_oof_relabel
0,0.6961194029850746,0.7022332506203475,0.5522388059701493,,,44.0,0.0,0.1590909090909091,pima,hgb,41,hidden_minority_medium,0.3,0.1,unbalanced_oof_relabel
0,0.5881791044776119,0.5877616747181964,0.3283582089552239,,,44.0,0.0,0.06818181818181818,pima,hgb,41,hidden_minority_medium,0.3,0.1,shuffled_score_relabel
0,0.6161791044776119,0.6171150683972991,0.3283582089552239,,,44.0,0.0,0.0,pima,hgb,41,hidden_minority_medium,0.3,0.1,inverted_score_relabel
0,0.5996417910447761,0.6006441223832528,0.34328358208955223,,,44.0,0.0,0.11363636363636363,pima,hgb,41,hidden_minority_medium,0.3,0.1,random_relabel
0,0.6207164179104478,0.6206760300298143,0.31343283582089554,,,0.0,0.0,,pima,hgb,41,hidden_minority_medium,0.3,0.1,class_weight_only
0,0.6505671641791045,0.6574187454081097,0.373134328358209,,,21.0,0.0,1.0,pima,hgb,41,hidden_minority_medium,0.3,0.1,oracle_relabel
0,0.5948059701492537,0.5944667559125391,0.47761194029850745,,,0.0,0.0,,pima,hgb,41,reverse_asymmetric,0.1,0.3,no_cleaning
44,0.6451940298507463,0.6466222128352894,0.5223880597014925,0.5909090909090909,0.1590909090909091,,,,pima,hgb,41,reverse_asymmetric,0.1,0.3,global_top_loss
44,0.6579701492537313,0.6509594575097388,0.6119402985074627,0.3181818181818182,0.06818181818181818,,,,pima,hgb,41,reverse_asymmetric,0.1,0.3,class_proportional
0,0.608358208955224,0.5861611583950481,0.6567164179104478,,,44.0,0.0,0.06818181818181818,pima,hgb,41,reverse_asymmetric,0.1,0.3,balanced_oof_relabel
0,0.604358208955224,0.5814454041226303,0.6567164179104478,,,44.0,0.0,0.06818181818181818,pima,hgb,41,reverse_asymmetric,0.1,0.3,unbalanced_oof_relabel
0,0.6243582089552239,0.6049382716049383,0.6567164179104478,,,44.0,0.0,0.0,pima,hgb,41,reverse_asymmetric,0.1,0.3,shuffled_score_relabel
0,0.591044776119403,0.5789473684210527,0.582089552238806,,,44.0,0.0,0.022727272727272728,pima,hgb,41,reverse_asymmetric,0.1,0.3,inverted_score_relabel
0,0.5854328358208956,0.5649386536973582,0.6268656716417911,,,44.0,0.0,0.022727272727272728,pima,hgb,41,reverse_asymmetric,0.1,0.3,random_relabel
0,0.5948059701492537,0.5944667559125391,0.47761194029850745,,,0.0,0.0,,pima,hgb,41,reverse_asymmetric,0.1,0.3,class_weight_only
0,0.6625074626865671,0.6581735399702303,0.5970149253731343,,,9.0,0.0,1.0,pima,hgb,41,reverse_asymmetric,0.1,0.3,oracle_relabel
0,0.5697910447761194,0.5648351648351648,0.2835820895522388,,,0.0,0.0,,pima,hgb,41,symmetric,0.2,0.2,no_cleaning
44,0.5634029850746268,0.5517080354897805,0.23880597014925373,0.7045454545454546,0.25,,,,pima,hgb,41,symmetric,0.2,0.2,global_top_loss
44,0.6537313432835821,0.657438169066076,0.5074626865671642,0.2727272727272727,0.045454545454545456,,,,pima,hgb,41,symmetric,0.2,0.2,class_proportional
0,0.6225074626865672,0.6125401472301963,0.5970149253731343,,,44.0,0.0,0.045454545454545456,pima,hgb,41,symmetric,0.2,0.2,balanced_oof_relabel
0,0.6872835820895522,0.6733212341197823,0.6865671641791045,,,44.0,0.0,0.09090909090909091,pima,hgb,41,symmetric,0.2,0.2,unbalanced_oof_relabel
0,0.6201194029850746,0.6155877317703045,0.5522388059701493,,,44.0,0.0,0.09090909090909091,pima,hgb,41,symmetric,0.2,0.2,shuffled_score_relabel
0,0.5793432835820895,0.5787476280834914,0.4626865671641791,,,44.0,0.0,0.0,pima,hgb,41,symmetric,0.2,0.2,inverted_score_relabel
0,0.5873432835820895,0.5873432835820895,0.4626865671641791,,,44.0,0.0,0.06818181818181818,pima,hgb,41,symmetric,0.2,0.2,random_relabel
0,0.5697910447761194,0.5648351648351648,0.2835820895522388,,,0.0,0.0,,pima,hgb,41,symmetric,0.2,0.2,class_weight_only
0,0.650268656716418,0.6545905707196029,0.4925373134328358,,,16.0,0.0,1.0,pima,hgb,41,symmetric,0.2,0.2,oracle_relabel
0,0.5937910447761194,0.5889824461253033,0.2835820895522388,,,0.0,0.0,,pima,hgb,43,hidden_minority_medium,0.3,0.1,no_cleaning
44,0.6097910447761195,0.605575935436537,0.2835820895522388,0.5681818181818182,0.38636363636363635,,,,pima,hgb,43,hidden_minority_medium,0.3,0.1,global_top_loss
44,0.6478805970149254,0.6541430777148739,0.44776119402985076,0.3181818181818182,0.045454545454545456,,,,pima,hgb,43,hidden_minority_medium,0.3,0.1,class_proportional
0,0.6921194029850746,0.6975444015444014,0.5522388059701493,,,44.0,0.0,0.1590909090909091,pima,hgb,43,hidden_minority_medium,0.3,0.1,balanced_oof_relabel
0,0.691044776119403,0.6929668406601696,0.582089552238806,,,44.0,0.0,0.18181818181818182,pima,hgb,43,hidden_minority_medium,0.3,0.1,unbalanced_oof_relabel
0,0.5836417910447761,0.5840336134453781,0.34328358208955223,,,44.0,0.0,0.045454545454545456,pima,hgb,43,hidden_minority_medium,0.3,0.1,shuffled_score_relabel
0,0.5170149253731343,0.49971830985915494,0.19402985074626866,,,44.0,0.0,0.022727272727272728,pima,hgb,43,hidden_minority_medium,0.3,0.1,inverted_score_relabel
0,0.6060298507462687,0.6089865847745273,0.3880597014925373,,,44.0,0.0,0.022727272727272728,pima,hgb,43,hidden_minority_medium,0.3,0.1,random_relabel
0,0.5937910447761194,0.5889824461253033,0.2835820895522388,,,0.0,0.0,,pima,hgb,43,hidden_minority_medium,0.3,0.1,class_weight_only
0,0.6271044776119403,0.6307692307692307,0.3582089552238806,,,16.0,0.0,1.0,pima,hgb,43,hidden_minority_medium,0.3,0.1,oracle_relabel
0,0.6808955223880597,0.6731207617948347,0.6417910447761194,,,0.0,0.0,,pima,hgb,43,reverse_asymmetric,0.1,0.3,no_cleaning
44,0.6675820895522389,0.6675820895522389,0.5671641791044776,0.6363636363636364,0.09090909090909091,,,,pima,hgb,43,reverse_asymmetric,0.1,0.3,global_top_loss
44,0.6987462686567164,0.6842105263157895,0.7014925373134329,0.3409090909090909,0.06818181818181818,,,,pima,hgb,43,reverse_asymmetric,0.1,0.3,class_proportional
0,0.6496716417910448,0.6200109950522265,0.7313432835820896,,,44.0,0.0,0.045454545454545456,pima,hgb,43,reverse_asymmetric,0.1,0.3,balanced_oof_relabel
0,0.6472835820895522,0.6262929596262929,0.6865671641791045,,,44.0,0.0,0.022727272727272728,pima,hgb,43,reverse_asymmetric,0.1,0.3,unbalanced_oof_relabel
0,0.6405970149253731,0.6020508345151085,0.7611940298507462,,,44.0,0.0,0.045454545454545456,pima,hgb,43,reverse_asymmetric,0.1,0.3,shuffled_score_relabel
0,0.531044776119403,0.5097603162836669,0.582089552238806,,,44.0,0.0,0.0,pima,hgb,43,reverse_asymmetric,0.1,0.3,inverted_score_relabel
0,0.6112835820895522,0.583559838563545,0.6865671641791045,,,44.0,0.0,0.06818181818181818,pima,hgb,43,reverse_asymmetric,0.1,0.3,random_relabel
0,0.6808955223880597,0.6731207617948347,0.6417910447761194,,,0.0,0.0,,pima,hgb,43,reverse_asymmetric,0.1,0.3,class_weight_only
0,0.6654328358208955,0.6574191320363763,0.6268656716417911,,,6.0,0.0,1.0,pima,hgb,43,reverse_asymmetric,0.1,0.3,oracle_relabel
0,0.6513432835820896,0.6574487065120429,0.4626865671641791,,,0.0,0.0,,pima,hgb,43,symmetric,0.2,0.2,no_cleaning
44,0.6524179104477612,0.6596638655462186,0.43283582089552236,0.5681818181818182,0.36363636363636365,,,,pima,hgb,43,symmetric,0.2,0.2,global_top_loss
44,0.6481194029850746,0.6470588235294117,0.5522388059701493,0.2727272727272727,0.11363636363636363,,,,pima,hgb,43,symmetric,0.2,0.2,class_proportional
0,0.7056716417910448,0.6869095816464237,0.7313432835820896,,,44.0,0.0,0.09090909090909091,pima,hgb,43,symmetric,0.2,0.2,balanced_oof_relabel
0,0.6902089552238806,0.6713712505962569,0.7164179104477612,,,44.0,0.0,0.09090909090909091,pima,hgb,43,symmetric,0.2,0.2,unbalanced_oof_relabel
0,0.6630447761194029,0.6606574761399788,0.582089552238806,,,44.0,0.0,0.11363636363636363,pima,hgb,43,symmetric,0.2,0.2,shuffled_score_relabel
0,0.626268656716418,0.6278619018776499,0.4925373134328358,,,44.0,0.0,0.0,pima,hgb,43,symmetric,0.2,0.2,inverted_score_relabel
0,0.6630447761194029,0.6606574761399788,0.582089552238806,,,44.0,0.0,0.0,pima,hgb,43,symmetric,0.2,0.2,random_relabel
0,0.6513432835820896,0.6574487065120429,0.4626865671641791,,,0.0,0.0,,pima,hgb,43,symmetric,0.2,0.2,class_weight_only
0,0.6817313432835821,0.6894878706199461,0.5074626865671642,,,12.0,0.0,1.0,pima,hgb,43,symmetric,0.2,0.2,oracle_relabel
0,0.5237014925373135,0.4819047619047619,0.11940298507462686,,,0.0,0.0,,pima,hgb,47,hidden_minority_medium,0.3,0.1,no_cleaning
44,0.5202388059701493,0.47278307220158294,0.1044776119402985,0.5,0.4772727272727273,,,,pima,hgb,47,hidden_minority_medium,0.3,0.1,global_top_loss
44,0.5881791044776119,0.5877616747181964,0.3283582089552239,0.18181818181818182,0.09090909090909091,,,,pima,hgb,47,hidden_minority_medium,0.3,0.1,class_proportional
0,0.6542686567164179,0.6590972806279787,0.4925373134328358,,,44.0,0.0,0.13636363636363635,pima,hgb,47,hidden_minority_medium,0.3,0.1,balanced_oof_relabel
0,0.6617313432835821,0.666501240694789,0.5074626865671642,,,44.0,0.0,0.11363636363636363,pima,hgb,47,hidden_minority_medium,0.3,0.1,unbalanced_oof_relabel
0,0.5394029850746268,0.5290052862522889,0.23880597014925373,,,44.0,0.0,0.022727272727272728,pima,hgb,47,hidden_minority_medium,0.3,0.1,shuffled_score_relabel
0,0.4911641791044776,0.4615188490256784,0.13432835820895522,,,44.0,0.0,0.0,pima,hgb,47,hidden_minority_medium,0.3,0.1,inverted_score_relabel
0,0.5577910447761194,0.5530213569958501,0.2835820895522388,,,44.0,0.0,0.022727272727272728,pima,hgb,47,hidden_minority_medium,0.3,0.1,random_relabel
0,0.5237014925373135,0.4819047619047619,0.11940298507462686,,,0.0,0.0,,pima,hgb,47,hidden_minority_medium,0.3,0.1,class_weight_only
0,0.6385671641791045,0.643956043956044,0.373134328358209,,,15.0,0.0,1.0,pima,hgb,47,hidden_minority_medium,0.3,0.1,oracle_relabel
0,0.7118208955223881,0.7047268084612484,0.6716417910447762,,,0.0,0.0,,pima,hgb,47,reverse_asymmetric,0.1,0.3,no_cleaning
44,0.6921194029850746,0.6975444015444014,0.5522388059701493,0.7272727272727273,0.13636363636363635,,,,pima,hgb,47,reverse_asymmetric,0.1,0.3,global_top_loss
44,0.6705074626865671,0.6673616209073557,0.5970149253731343,0.38636363636363635,0.045454545454545456,,,,pima,hgb,47,reverse_asymmetric,0.1,0.3,class_proportional
0,0.7000597014925374,0.6710511771858074,0.7761194029850746,,,44.0,0.0,0.022727272727272728,pima,hgb,47,reverse_asymmetric,0.1,0.3,balanced_oof_relabel
0,0.657134328358209,0.6257309941520468,0.746268656716418,,,44.0,0.0,0.045454545454545456,pima,hgb,47,reverse_asymmetric,0.1,0.3,unbalanced_oof_relabel
0,0.6462089552238806,0.6190476190476191,0.7164179104477612,,,44.0,0.0,0.045454545454545456,pima,hgb,47,reverse_asymmetric,0.1,0.3,shuffled_score_relabel
0,0.5825074626865672,0.5668328551931593,0.5970149253731343,,,44.0,0.0,0.022727272727272728,pima,hgb,47,reverse_asymmetric,0.1,0.3,inverted_score_relabel
0,0.664597014925373,0.6314172882843352,0.7611940298507462,,,44.0,0.0,0.0,pima,hgb,47,reverse_asymmetric,0.1,0.3,random_relabel
0,0.7118208955223881,0.7047268084612484,0.6716417910447762,,,0.0,0.0,,pima,hgb,47,reverse_asymmetric,0.1,0.3,class_weight_only
0,0.6918208955223881,0.6811726981218507,0.6716417910447762,,,5.0,0.0,1.0,pima,hgb,47,reverse_asymmetric,0.1,0.3,oracle_relabel
0,0.5697910447761194,0.5648351648351648,0.2835820895522388,,,0.0,0.0,,pima,hgb,47,symmetric,0.2,0.2,no_cleaning
44,0.5874029850746268,0.5751415819675205,0.23880597014925373,0.6363636363636364,0.3181818181818182,,,,pima,hgb,47,symmetric,0.2,0.2,global_top_loss
44,0.5905671641791045,0.5923829130211014,0.373134328358209,0.25,0.09090909090909091,,,,pima,hgb,47,symmetric,0.2,0.2,class_proportional
0,0.7107462686567164,0.6984149650149936,0.7014925373134329,,,44.0,0.0,0.06818181818181818,pima,hgb,47,symmetric,0.2,0.2,balanced_oof_relabel
0,0.6694328358208955,0.6620401096522868,0.6268656716417911,,,44.0,0.0,0.06818181818181818,pima,hgb,47,symmetric,0.2,0.2,unbalanced_oof_relabel
0,0.5937313432835821,0.5909289904561772,0.5074626865671642,,,44.0,0.0,0.045454545454545456,pima,hgb,47,symmetric,0.2,0.2,shuffled_score_relabel
0,0.5705671641791045,0.571630581654778,0.373134328358209,,,44.0,0.0,0.0,pima,hgb,47,symmetric,0.2,0.2,inverted_score_relabel
0,0.6131940298507462,0.6109822346204669,0.5223880597014925,,,44.0,0.0,0.045454545454545456,pima,hgb,47,symmetric,0.2,0.2,random_relabel
0,0.5697910447761194,0.5648351648351648,0.2835820895522388,,,0.0,0.0,,pima,hgb,47,symmetric,0.2,0.2,class_weight_only
0,0.5951044776119403,0.5966386554621849,0.3582089552238806,,,10.0,0.0,1.0,pima,hgb,47,symmetric,0.2,0.2,oracle_relabel
0,0.5242388059701493,0.4758586969808092,0.1044776119402985,,,0.0,0.0,,pima,hgb,53,hidden_minority_medium,0.3,0.1,no_cleaning
44,0.5357014925373134,0.49150470602615814,0.11940298507462686,0.6590909090909091,0.3409090909090909,,,,pima,hgb,53,hidden_minority_medium,0.3,0.1,global_top_loss
44,0.6196417910447761,0.6218774833293024,0.34328358208955223,0.3409090909090909,0.022727272727272728,,,,pima,hgb,53,hidden_minority_medium,0.3,0.1,class_proportional
0,0.6438805970149254,0.6496686833765486,0.44776119402985076,,,44.0,0.0,0.20454545454545456,pima,hgb,53,hidden_minority_medium,0.3,0.1,balanced_oof_relabel
0,0.636955223880597,0.6426215589589523,0.417910447761194,,,44.0,0.0,0.20454545454545456,pima,hgb,53,hidden_minority_medium,0.3,0.1,unbalanced_oof_relabel
0,0.49516417910447763,0.4647101980924432,0.13432835820895522,,,44.0,0.0,0.045454545454545456,pima,hgb,53,hidden_minority_medium,0.3,0.1,shuffled_score_relabel
0,0.5290149253731343,0.5103272387657602,0.19402985074626866,,,44.0,0.0,0.06818181818181818,pima,hgb,53,hidden_minority_medium,0.3,0.1,inverted_score_relabel
0,0.5439402985074627,0.5304625199362042,0.22388059701492538,,,44.0,0.0,0.09090909090909091,pima,hgb,53,hidden_minority_medium,0.3,0.1,random_relabel
0,0.5242388059701493,0.4758586969808092,0.1044776119402985,,,0.0,0.0,,pima,hgb,53,hidden_minority_medium,0.3,0.1,class_weight_only
0,0.6167164179104478,0.6163836163836164,0.31343283582089554,,,22.0,0.0,1.0,pima,hgb,53,hidden_minority_medium,0.3,0.1,oracle_relabel
0,0.5265671641791045,0.5266955266955267,0.373134328358209,,,0.0,0.0,,pima,hgb,53,reverse_asymmetric,0.1,0.3,no_cleaning
44,0.5454925373134328,0.5456370008687056,0.40298507462686567,0.5681818181818182,0.13636363636363635,,,,pima,hgb,53,reverse_asymmetric,0.1,0.3,global_top_loss
44,0.5737313432835821,0.5690111661102797,0.5074626865671642,0.38636363636363635,0.06818181818181818,,,,pima,hgb,53,reverse_asymmetric,0.1,0.3,class_proportional
0,0.5355820895522387,0.517867490824802,0.5671641791044776,,,44.0,0.0,0.022727272727272728,pima,hgb,53,reverse_asymmetric,0.1,0.3,balanced_oof_relabel
0,0.5214328358208955,0.4881949733434882,0.6268656716417911,,,44.0,0.0,0.022727272727272728,pima,hgb,53,reverse_asymmetric,0.1,0.3,unbalanced_oof_relabel
0,0.48173134328358214,0.4662997110224302,0.5074626865671642,,,44.0,0.0,0.022727272727272728,pima,hgb,53,reverse_asymmetric,0.1,0.3,shuffled_score_relabel
0,0.5195820895522387,0.49921752738654146,0.5671641791044776,,,44.0,0.0,0.045454545454545456,pima,hgb,53,reverse_asymmetric,0.1,0.3,inverted_score_relabel
0,0.5251940298507463,0.5133554299083642,0.5223880597014925,,,44.0,0.0,0.022727272727272728,pima,hgb,53,reverse_asymmetric,0.1,0.3,random_relabel
0,0.5265671641791045,0.5266955266955267,0.373134328358209,,,0.0,0.0,,pima,hgb,53,reverse_asymmetric,0.1,0.3,class_weight_only
0,0.5702686567164179,0.5666666666666667,0.4925373134328358,,,5.0,0.0,1.0,pima,hgb,53,reverse_asymmetric,0.1,0.3,oracle_relabel
0,0.5532537313432836,0.5501435501435501,0.29850746268656714,,,0.0,0.0,,pima,hgb,53,symmetric,0.2,0.2,no_cleaning
44,0.5295522388059701,0.5069699192956713,0.1791044776119403,0.75,0.18181818181818182,,,,pima,hgb,53,symmetric,0.2,0.2,global_top_loss
44,0.5660298507462687,0.5670733590733591,0.3880597014925373,0.3409090909090909,0.022727272727272728,,,,pima,hgb,53,symmetric,0.2,0.2,class_proportional
0,0.5822686567164179,0.5797215655371684,0.4925373134328358,,,44.0,0.0,0.11363636363636363,pima,hgb,53,symmetric,0.2,0.2,balanced_oof_relabel
0,0.6275820895522388,0.6222222222222222,0.5671641791044776,,,44.0,0.0,0.11363636363636363,pima,hgb,53,symmetric,0.2,0.2,unbalanced_oof_relabel
0,0.5713432835820895,0.5701661364439732,0.4626865671641791,,,44.0,0.0,0.022727272727272728,pima,hgb,53,symmetric,0.2,0.2,shuffled_score_relabel
0,0.49964179104477613,0.4996255579187011,0.34328358208955223,,,44.0,0.0,0.0,pima,hgb,53,symmetric,0.2,0.2,inverted_score_relabel
0,0.5921194029850747,0.5842735042735043,0.5522388059701493,,,44.0,0.0,0.045454545454545456,pima,hgb,53,symmetric,0.2,0.2,random_relabel
0,0.5532537313432836,0.5501435501435501,0.29850746268656714,,,0.0,0.0,,pima,hgb,53,symmetric,0.2,0.2,class_weight_only
0,0.5894925373134329,0.5915404830434239,0.40298507462686567,,,12.0,0.0,1.0,pima,hgb,53,symmetric,0.2,0.2,oracle_relabel
0,0.558089552238806,0.5276190476190477,0.16417910447761194,,,0.0,0.0,,pima,xgboost,13,hidden_minority_medium,0.3,0.1,no_cleaning
44,0.5293134328358209,0.4643417611159547,0.07462686567164178,0.4772727272727273,0.45454545454545453,,,,pima,xgboost,13,hidden_minority_medium,0.3,0.1,global_top_loss
44,0.5610149253731344,0.539287754713388,0.19402985074626866,0.20454545454545456,0.09090909090909091,,,,pima,xgboost,13,hidden_minority_medium,0.3,0.1,class_proportional
0,0.5969552238805971,0.5992897860013083,0.417910447761194,,,44.0,0.0,0.11363636363636363,pima,xgboost,13,hidden_minority_medium,0.3,0.1,balanced_oof_relabel
0,0.5785671641791045,0.5798953543681623,0.373134328358209,,,44.0,0.0,0.11363636363636363,pima,xgboost,13,hidden_minority_medium,0.3,0.1,unbalanced_oof_relabel
0,0.5812537313432835,0.5780219780219781,0.29850746268656714,,,44.0,0.0,0.1590909090909091,pima,xgboost,13,hidden_minority_medium,0.3,0.1,shuffled_score_relabel
0,0.5220895522388059,0.4962864427447068,0.16417910447761194,,,44.0,0.0,0.045454545454545456,pima,xgboost,13,hidden_minority_medium,0.3,0.1,inverted_score_relabel
0,0.5554029850746268,0.5440723019670388,0.23880597014925373,,,44.0,0.0,0.045454545454545456,pima,xgboost,13,hidden_minority_medium,0.3,0.1,random_relabel
0,0.558089552238806,0.5276190476190477,0.16417910447761194,,,0.0,0.0,,pima,xgboost,13,hidden_minority_medium,0.3,0.1,class_weight_only
0,0.6047164179104478,0.6036805093936956,0.31343283582089554,,,20.0,0.0,1.0,pima,xgboost,13,hidden_minority_medium,0.3,0.1,oracle_relabel
0,0.5785671641791045,0.5798953543681623,0.373134328358209,,,0.0,0.0,,pima,xgboost,13,reverse_asymmetric,0.1,0.3,no_cleaning
44,0.6134925373134328,0.6170869788986104,0.40298507462686567,0.5909090909090909,0.18181818181818182,,,,pima,xgboost,13,reverse_asymmetric,0.1,0.3,global_top_loss
44,0.6388059701492538,0.6426799007444168,0.47761194029850745,0.36363636363636365,0.09090909090909091,,,,pima,xgboost,13,reverse_asymmetric,0.1,0.3,class_proportional
0,0.5806567164179104,0.5733333333333333,0.5373134328358209,,,44.0,0.0,0.06818181818181818,pima,xgboost,13,reverse_asymmetric,0.1,0.3,balanced_oof_relabel
0,0.5881194029850747,0.5797970610806356,0.5522388059701493,,,44.0,0.0,0.06818181818181818,pima,xgboost,13,reverse_asymmetric,0.1,0.3,unbalanced_oof_relabel
0,0.5302686567164179,0.5229813664596273,0.4925373134328358,,,44.0,0.0,0.045454545454545456,pima,xgboost,13,reverse_asymmetric,0.1,0.3,shuffled_score_relabel
0,0.5251940298507463,0.5133554299083642,0.5223880597014925,,,44.0,0.0,0.022727272727272728,pima,xgboost,13,reverse_asymmetric,0.1,0.3,inverted_score_relabel
0,0.6094328358208956,0.5928571428571429,0.6268656716417911,,,44.0,0.0,0.045454545454545456,pima,xgboost,13,reverse_asymmetric,0.1,0.3,random_relabel
0,0.5785671641791045,0.5798953543681623,0.373134328358209,,,0.0,0.0,,pima,xgboost,13,reverse_asymmetric,0.1,0.3,class_weight_only
0,0.6313432835820896,0.6351742827773106,0.4626865671641791,,,9.0,0.0,1.0,pima,xgboost,13,reverse_asymmetric,0.1,0.3,oracle_relabel
0,0.5823283582089552,0.5752818609961468,0.26865671641791045,,,0.0,0.0,,pima,xgboost,13,symmetric,0.2,0.2,no_cleaning
44,0.5759402985074628,0.5607396016952331,0.22388059701492538,0.6590909090909091,0.29545454545454547,,,,pima,xgboost,13,symmetric,0.2,0.2,global_top_loss
44,0.6174925373134328,0.6213997090673994,0.40298507462686567,0.3409090909090909,0.045454545454545456,,,,pima,xgboost,13,symmetric,0.2,0.2,class_proportional
0,0.6028059701492537,0.6031513045562112,0.47761194029850745,,,44.0,0.0,0.09090909090909091,pima,xgboost,13,symmetric,0.2,0.2,balanced_oof_relabel
0,0.6068059701492537,0.6075036075036075,0.47761194029850745,,,44.0,0.0,0.09090909090909091,pima,xgboost,13,symmetric,0.2,0.2,unbalanced_oof_relabel
0,0.5908059701492537,0.5901328273244781,0.47761194029850745,,,44.0,0.0,0.022727272727272728,pima,xgboost,13,symmetric,0.2,0.2,shuffled_score_relabel
0,0.524179104477612,0.5235732009925558,0.3283582089552239,,,44.0,0.0,0.022727272727272728,pima,xgboost,13,symmetric,0.2,0.2,inverted_score_relabel
0,0.6073432835820896,0.608937528499772,0.4626865671641791,,,44.0,0.0,0.09090909090909091,pima,xgboost,13,symmetric,0.2,0.2,random_relabel
0,0.5823283582089552,0.5752818609961468,0.26865671641791045,,,0.0,0.0,,pima,xgboost,13,symmetric,0.2,0.2,class_weight_only
0,0.6185671641791045,0.6220850708924104,0.373134328358209,,,13.0,0.0,1.0,pima,xgboost,13,symmetric,0.2,0.2,oracle_relabel
0,0.5714029850746268,0.5594245128391914,0.23880597014925373,,,0.0,0.0,,pima,xgboost,17,hidden_minority_medium,0.3,0.1,no_cleaning
44,0.562089552238806,0.5312012168274427,0.16417910447761194,0.5,0.45454545454545453,,,,pima,xgboost,17,hidden_minority_medium,0.3,0.1,global_top_loss
44,0.7086567164179105,0.718618580349178,0.5373134328358209,0.25,0.022727272727272728,,,,pima,xgboost,17,hidden_minority_medium,0.3,0.1,class_proportional
0,0.6635820895522389,0.6630075858991522,0.5671641791044776,,,44.0,0.0,0.09090909090909091,pima,xgboost,17,hidden_minority_medium,0.3,0.1,balanced_oof_relabel
0,0.7328955223880597,0.7344877344877345,0.6417910447761194,,,44.0,0.0,0.11363636363636363,pima,xgboost,17,hidden_minority_medium,0.3,0.1,unbalanced_oof_relabel
0,0.5543283582089552,0.5477726574500767,0.26865671641791045,,,44.0,0.0,0.022727272727272728,pima,xgboost,17,hidden_minority_medium,0.3,0.1,shuffled_score_relabel
0,0.5055522388059701,0.48619718309859156,0.1791044776119403,,,44.0,0.0,0.0,pima,xgboost,17,hidden_minority_medium,0.3,0.1,inverted_score_relabel
0,0.5394029850746268,0.5290052862522889,0.23880597014925373,,,44.0,0.0,0.0,pima,xgboost,17,hidden_minority_medium,0.3,0.1,random_relabel
0,0.5714029850746268,0.5594245128391914,0.23880597014925373,,,0.0,0.0,,pima,xgboost,17,hidden_minority_medium,0.3,0.1,class_weight_only
0,0.6041791044776119,0.6043956043956044,0.3283582089552239,,,15.0,0.0,1.0,pima,xgboost,17,hidden_minority_medium,0.3,0.1,oracle_relabel
0,0.6894328358208955,0.6852459016393442,0.6268656716417911,,,0.0,0.0,,pima,xgboost,17,reverse_asymmetric,0.1,0.3,no_cleaning
44,0.6395820895522388,0.6357586901322125,0.5671641791044776,0.5681818181818182,0.18181818181818182,,,,pima,xgboost,17,reverse_asymmetric,0.1,0.3,global_top_loss
44,0.6862089552238806,0.66662932676151,0.7164179104477612,0.38636363636363635,0.022727272727272728,,,,pima,xgboost,17,reverse_asymmetric,0.1,0.3,class_proportional
0,0.6789850746268657,0.6384180790960452,0.8059701492537313,,,44.0,0.0,0.0,pima,xgboost,17,reverse_asymmetric,0.1,0.3,balanced_oof_relabel
0,0.6864477611940298,0.6439402203556235,0.8208955223880597,,,44.0,0.0,0.0,pima,xgboost,17,reverse_asymmetric,0.1,0.3,unbalanced_oof_relabel
0,0.6131343283582089,0.5717549776955717,0.746268656716418,,,44.0,0.0,0.0,pima,xgboost,17,reverse_asymmetric,0.1,0.3,shuffled_score_relabel
0,0.547044776119403,0.5284638097077734,0.582089552238806,,,44.0,0.0,0.045454545454545456,pima,xgboost,17,reverse_asymmetric,0.1,0.3,inverted_score_relabel
0,0.6371343283582089,0.6013986013986015,0.746268656716418,,,44.0,0.0,0.0,pima,xgboost,17,reverse_asymmetric,0.1,0.3,random_relabel
0,0.6894328358208955,0.6852459016393442,0.6268656716417911,,,0.0,0.0,,pima,xgboost,17,reverse_asymmetric,0.1,0.3,class_weight_only
0,0.6838208955223881,0.6717948717948719,0.6716417910447762,,,5.0,0.0,1.0,pima,xgboost,17,reverse_asymmetric,0.1,0.3,oracle_relabel
0,0.6318805970149254,0.6363636363636364,0.44776119402985076,,,0.0,0.0,,pima,xgboost,17,symmetric,0.2,0.2,no_cleaning
44,0.6180298507462687,0.6218487394957983,0.3880597014925373,0.7045454545454546,0.18181818181818182,,,,pima,xgboost,17,symmetric,0.2,0.2,global_top_loss
44,0.6451940298507463,0.6466222128352894,0.5223880597014925,0.25,0.09090909090909091,,,,pima,xgboost,17,symmetric,0.2,0.2,class_proportional
0,0.6747462686567165,0.6558754340763975,0.7014925373134329,,,44.0,0.0,0.045454545454545456,pima,xgboost,17,symmetric,0.2,0.2,balanced_oof_relabel
0,0.693134328358209,0.6690023356690022,0.746268656716418,,,44.0,0.0,0.06818181818181818,pima,xgboost,17,symmetric,0.2,0.2,unbalanced_oof_relabel
0,0.6475820895522388,0.6448098663926003,0.5671641791044776,,,44.0,0.0,0.022727272727272728,pima,xgboost,17,symmetric,0.2,0.2,shuffled_score_relabel
0,0.5793432835820895,0.5787476280834914,0.4626865671641791,,,44.0,0.0,0.0,pima,xgboost,17,symmetric,0.2,0.2,inverted_score_relabel
0,0.6179701492537313,0.6051274827440485,0.6119402985074627,,,44.0,0.0,0.06818181818181818,pima,xgboost,17,symmetric,0.2,0.2,random_relabel
0,0.6318805970149254,0.6363636363636364,0.44776119402985076,,,0.0,0.0,,pima,xgboost,17,symmetric,0.2,0.2,class_weight_only
0,0.6308059701492538,0.633813215208564,0.47761194029850745,,,10.0,0.0,1.0,pima,xgboost,17,symmetric,0.2,0.2,oracle_relabel
0,0.5839402985074627,0.5685393258426966,0.22388059701492538,,,0.0,0.0,,pima,xgboost,23,hidden_minority_medium,0.3,0.1,no_cleaning
44,0.5167761194029851,0.4631578947368421,0.08955223880597014,0.5227272727272727,0.45454545454545453,,,,pima,xgboost,23,hidden_minority_medium,0.3,0.1,global_top_loss
44,0.6007164179104478,0.5994993742177722,0.31343283582089554,0.22727272727272727,0.09090909090909091,,,,pima,xgboost,23,hidden_minority_medium,0.3,0.1,class_proportional
0,0.6174925373134328,0.6213997090673994,0.40298507462686567,,,44.0,0.0,0.11363636363636363,pima,xgboost,23,hidden_minority_medium,0.3,0.1,balanced_oof_relabel
0,0.620955223880597,0.6250840295784116,0.417910447761194,,,44.0,0.0,0.11363636363636363,pima,xgboost,23,hidden_minority_medium,0.3,0.1,unbalanced_oof_relabel
0,0.5692537313432835,0.5659772596916225,0.29850746268656714,,,44.0,0.0,0.09090909090909091,pima,xgboost,23,hidden_minority_medium,0.3,0.1,shuffled_score_relabel
0,0.566865671641791,0.5576820839978734,0.2537313432835821,,,44.0,0.0,0.022727272727272728,pima,xgboost,23,hidden_minority_medium,0.3,0.1,inverted_score_relabel
0,0.5399402985074627,0.5267605633802817,0.22388059701492538,,,44.0,0.0,0.0,pima,xgboost,23,hidden_minority_medium,0.3,0.1,random_relabel
0,0.5839402985074627,0.5685393258426966,0.22388059701492538,,,0.0,0.0,,pima,xgboost,23,hidden_minority_medium,0.3,0.1,class_weight_only
0,0.5937910447761194,0.5889824461253033,0.2835820895522388,,,15.0,0.0,1.0,pima,xgboost,23,hidden_minority_medium,0.3,0.1,oracle_relabel
0,0.5988059701492537,0.5988059701492537,0.47761194029850745,,,0.0,0.0,,pima,xgboost,23,reverse_asymmetric,0.1,0.3,no_cleaning
44,0.5868059701492537,0.5858033629835397,0.47761194029850745,0.6590909090909091,0.09090909090909091,,,,pima,xgboost,23,reverse_asymmetric,0.1,0.3,global_top_loss
44,0.6419701492537313,0.6326145937455376,0.6119402985074627,0.3409090909090909,0.09090909090909091,,,,pima,xgboost,23,reverse_asymmetric,0.1,0.3,class_proportional
0,0.6067462686567164,0.5747915242652084,0.7014925373134329,,,44.0,0.0,0.022727272727272728,pima,xgboost,23,reverse_asymmetric,0.1,0.3,balanced_oof_relabel
0,0.6102089552238805,0.5755342667649226,0.7164179104477612,,,44.0,0.0,0.022727272727272728,pima,xgboost,23,reverse_asymmetric,0.1,0.3,unbalanced_oof_relabel
0,0.5888955223880596,0.566137566137566,0.6417910447761194,,,44.0,0.0,0.022727272727272728,pima,xgboost,23,reverse_asymmetric,0.1,0.3,shuffled_score_relabel
0,0.5494328358208955,0.5222966507177034,0.6268656716417911,,,44.0,0.0,0.022727272727272728,pima,xgboost,23,reverse_asymmetric,0.1,0.3,inverted_score_relabel
0,0.6525970149253731,0.6167874231032126,0.7611940298507462,,,44.0,0.0,0.0,pima,xgboost,23,reverse_asymmetric,0.1,0.3,random_relabel
0,0.5988059701492537,0.5988059701492537,0.47761194029850745,,,0.0,0.0,,pima,xgboost,23,reverse_asymmetric,0.1,0.3,class_weight_only
0,0.5788059701492537,0.5771546028483336,0.47761194029850745,,,5.0,0.0,1.0,pima,xgboost,23,reverse_asymmetric,0.1,0.3,oracle_relabel
0,0.570865671641791,0.5615812758669901,0.2537313432835821,,,0.0,0.0,,pima,xgboost,23,symmetric,0.2,0.2,no_cleaning
44,0.5674029850746268,0.5555555555555556,0.23880597014925373,0.6590909090909091,0.2727272727272727,,,,pima,xgboost,23,symmetric,0.2,0.2,global_top_loss
44,0.5807164179104478,0.578933162387395,0.31343283582089554,0.1590909090909091,0.13636363636363635,,,,pima,xgboost,23,symmetric,0.2,0.2,class_proportional
0,0.552955223880597,0.552955223880597,0.417910447761194,,,44.0,0.0,0.022727272727272728,pima,xgboost,23,symmetric,0.2,0.2,balanced_oof_relabel
0,0.560955223880597,0.5613275613275613,0.417910447761194,,,44.0,0.0,0.045454545454545456,pima,xgboost,23,symmetric,0.2,0.2,unbalanced_oof_relabel
0,0.6228059701492538,0.625,0.47761194029850745,,,44.0,0.0,0.022727272727272728,pima,xgboost,23,symmetric,0.2,0.2,shuffled_score_relabel
0,0.5585671641791045,0.5593052109181141,0.373134328358209,,,44.0,0.0,0.06818181818181818,pima,xgboost,23,symmetric,0.2,0.2,inverted_score_relabel
0,0.5425671641791044,0.54296875,0.373134328358209,,,44.0,0.0,0.022727272727272728,pima,xgboost,23,symmetric,0.2,0.2,random_relabel
0,0.570865671641791,0.5615812758669901,0.2537313432835821,,,0.0,0.0,,pima,xgboost,23,symmetric,0.2,0.2,class_weight_only
0,0.6041791044776119,0.6043956043956044,0.3283582089552239,,,11.0,0.0,1.0,pima,xgboost,23,symmetric,0.2,0.2,oracle_relabel
0,0.5650149253731344,0.542997542997543,0.19402985074626866,,,0.0,0.0,,pima,xgboost,29,hidden_minority_medium,0.3,0.1,no_cleaning
44,0.5591641791044776,0.5173453996983409,0.13432835820895522,0.5454545454545454,0.38636363636363635,,,,pima,xgboost,29,hidden_minority_medium,0.3,0.1,global_top_loss
44,0.6260298507462687,0.6305242203052422,0.3880597014925373,0.29545454545454547,0.0,,,,pima,xgboost,29,hidden_minority_medium,0.3,0.1,class_proportional
0,0.6278805970149254,0.6319643025484712,0.44776119402985076,,,44.0,0.0,0.1590909090909091,pima,xgboost,29,hidden_minority_medium,0.3,0.1,balanced_oof_relabel
0,0.6273432835820896,0.6307692307692307,0.4626865671641791,,,44.0,0.0,0.1590909090909091,pima,xgboost,29,hidden_minority_medium,0.3,0.1,unbalanced_oof_relabel
0,0.5967164179104478,0.5953425698787271,0.31343283582089554,,,44.0,0.0,0.0,pima,xgboost,29,hidden_minority_medium,0.3,0.1,shuffled_score_relabel
0,0.5340895522388059,0.5065759637188209,0.16417910447761194,,,44.0,0.0,0.0,pima,xgboost,29,hidden_minority_medium,0.3,0.1,inverted_score_relabel
0,0.6311044776119403,0.6351449400545901,0.3582089552238806,,,44.0,0.0,0.045454545454545456,pima,xgboost,29,hidden_minority_medium,0.3,0.1,random_relabel
0,0.5650149253731344,0.542997542997543,0.19402985074626866,,,0.0,0.0,,pima,xgboost,29,hidden_minority_medium,0.3,0.1,class_weight_only
0,0.6167164179104478,0.6163836163836164,0.31343283582089554,,,22.0,0.0,1.0,pima,xgboost,29,hidden_minority_medium,0.3,0.1,oracle_relabel
